y_true,y_pred,y_prob
0,0,0.11317795239646379
0,0,0.05858639858689474
0,0,0.2982124601770166
0,0,0.40813813786259606
1,1,0.5239159824809978
0,0,0.2133082951420884
0,1,0.5782950879052531
0,0,0.25341080634272556
1,1,0.6750773018935845
0,0,0.06697790305029395
0,0,0.13723198943798254
0,0,0.11249563075800022
1,1,0.8157129171482111
1,0,0.38681053082972927
0,1,0.5120395964298081
1,0,0.08219063825208
1,1,0.5976727261604599
1,0,0.3687075045100563
0,0,0.37764476903671945
0,0,0.3386697064688552
0,0,0.22531943639149532
1,1,0.5455142253687146
0,0,0.17346865435661832
0,0,0.03329589800178035
0,0,0.024319420092192786
0,0,0.0417951837736903
0,0,0.34936126462403544
0,0,0.3656919490611442
0,0,0.2350230278928199
0,0,0.16735395900803743
0,0,0.20673727390044924
0,0,0.27429900852867173
0,1,0.6910801408630355
0,0,0.2231823910094035
0,0,0.45715609191576706
0,1,0.6131404976602343
1,0,0.22256388219623516
0,0,0.282343662572378
1,1,0.6065734478799494
0,0,0.049024226068572055
0,0,0.45735473070960686
0,1,0.545103662949251
0,0,0.06184933990591047
0,0,0.11958202202281146
0,0,0.020261410109635596
0,1,0.756486353315301
0,0,0.06609964217247205
1,0,0.46903234872855604
0,1,0.7204342879342879
1,0,0.4476436006660467
0,1,0.5009130085718961
0,0,0.046968888506612905
0,0,0.32125252876869864
1,1,0.5255951020084143
0,0,0.10322781800836267
0,0,0.1408556593584891
0,0,0.4918435769042682
0,1,0.6309541229038133
0,0,0.03195150567062062
0,0,0.4338260197691312
0,0,0.4258038300992469
0,0,0.4081053484336887
0,0,0.19708551290460458
0,0,0.017722357162130706
0,1,0.5103513000597185
0,1,0.5519870434576313
0,0,0.34300073554756233
0,0,0.22869579612749238
0,0,0.4231187611980956
1,0,0.37437876910671036
1,0,0.45944280265371606
0,0,0.11510444244349169
1,1,0.7802224006929888
0,0,0.48438313774098096
0,0,0.04185769718812638
0,1,0.5850654258595438
0,1,0.7043880223806698
0,0,0.23096221573117867
0,0,0.44745743483669165
0,0,0.3863247038908806
0,0,0.1659627533945858
1,0,0.1578911139174843
0,1,0.8757741783070733
0,0,0.4634401970578442
0,0,0.13370578007359613
0,0,0.47139809548323475
0,0,0.15039942074908094
0,0,0.40394518940014623
0,0,0.20530766557430652
0,0,0.20276199993576458
0,0,0.2698243296091594
1,0,0.45628518252473343
0,0,0.3979376959469841
0,0,0.33679768903840124
0,0,0.163423306824738
0,0,0.13214016937368328
0,0,0.13702851105954394
1,1,0.6727774972848503
0,0,0.3099017995249579
0,0,0.3483807570356739
0,0,0.1014179212535969
0,0,0.22336600442979826
0,0,0.35384219620249047
0,0,0.08129778748654856
0,0,0.197236856538344
1,0,0.36105879942759067
0,0,0.13068732500770117
1,0,0.41530742609070787
0,0,0.2191577021046836
0,0,0.016571240817241848
0,0,0.3862980641792563
0,0,0.24513717631247492
0,1,0.5068511816427207
0,0,0.2465198517398808
1,1,0.6121924932509302
0,0,0.03556011752711939
0,0,0.050903430707296554
0,0,0.21099401797954243
1,0,0.39138018159457777
1,1,0.5473543594205361
0,0,0.055142417837357745
0,0,0.28806244689242316
1,1,0.6135442577574932
0,0,0.3418809000489174
0,0,0.14546277094026092
0,0,0.07324796370025051
0,1,0.6210661952551174
0,1,0.5780078954830432
1,0,0.39277534622190685
1,1,0.5207175209700785
0,0,0.2874334536980749
0,0,0.04814270098401314
0,0,0.21481041637150022
0,0,0.3423863114010175
1,0,0.1313336481766789
0,0,0.32192088126784557
0,0,0.3160093709665693
0,0,0.39976389466998896
1,1,0.5311508151434626
0,0,0.1991543163049591
0,0,0.37016700831561505
1,0,0.13388738084041965
0,0,0.375564983975231
0,0,0.17450265232764986
0,0,0.39629522956690144
1,1,0.5040984120796
0,0,0.25523211973570253
0,0,0.477705271093429
0,1,0.6868668284759615
0,0,0.2934988129775283
1,1,0.7954597779671306
0,0,0.39597516427862034
0,0,0.058475369210626446
1,0,0.42593785082020363
0,0,0.3087978851244953
0,0,0.2287801176225871
1,0,0.33669456175681345
1,0,0.32464058469050733
0,0,0.1600699509727347
1,1,0.50358653392722
0,0,0.11018631847720796
0,1,0.5069752363442772
0,0,0.06580252080860217
0,0,0.2725965186676667
1,0,0.4935648191515734
0,0,0.2232140038648521
0,0,0.18760866815455682
0,1,0.7894271818938998
0,1,0.5925943038443039
0,0,0.24501511234723305
0,0,0.085230195068442
0,0,0.03441549262139158
1,1,0.7742858941167761
0,0,0.15650147321097196
1,1,0.5406772584321549
1,0,0.32423408899337713
0,0,0.062185141238405954
0,1,0.6654154774963601
0,0,0.3273792261659908
1,1,0.52954841391361
0,0,0.39406739175856836
0,0,0.04650408597537208
0,0,0.04652572368017489
0,0,0.12722593502923282
0,0,0.2539110628520012
0,0,0.018623238091382856
0,0,0.08197162939322222
0,1,0.635314409459214
0,1,0.5604104742007218
1,1,0.5610298149562857
0,0,0.04947399782842972
1,0,0.26257365203739874
1,1,0.5653126356453567
0,0,0.11690144687750556
0,0,0.3693179565588537
0,0,0.03883067416975343
0,0,0.10237845166894755
0,0,0.44090461608108666
0,0,0.15763073497600713
0,0,0.1962966156470669
0,1,0.6656413652280524
0,0,0.08194748432448024
0,0,0.28708912919392415
0,0,0.17650211103530294
1,0,0.4027634651191825
0,0,0.49264182585273913
0,0,0.22729237177690492
0,0,0.3775471939126369
0,0,0.2407196419959199
0,0,0.13629577968600104
0,0,0.1324455631514455
1,0,0.3252731624750132
0,0,0.2841278970701821
0,0,0.04811226989961694
0,0,0.18414494771130363
0,1,0.7621490658177965
0,0,0.10321072612110496
0,0,0.21574846722105623
0,0,0.16622298955286471
0,1,0.6923851965601195
0,0,0.48596908942386485
0,0,0.2909643563064615
1,1,0.5142747439608893
0,1,0.8960276673361037
0,0,0.13566872712435735
0,0,0.13695307152694297
1,1,0.5107935524800851
1,1,0.5322675211722864
0,1,0.5865112970677984
0,0,0.3209595494601604
0,1,0.5574483975690632
0,0,0.05766682919783243
0,0,0.13123965711051513
1,1,0.7817266342188944
0,0,0.3690438763163222
0,0,0.42705355192836597
0,0,0.09912569999373404
0,0,0.0433886943391072
1,0,0.11894287344619585
0,0,0.081926132871946
0,0,0.15603992012886048
0,0,0.3637285019990904
0,0,0.240524666147678
1,1,0.6688759362269425
0,1,0.7083560688967038
0,0,0.14705340174808984
0,0,0.04063933005753668
0,0,0.28969695117611866
0,0,0.1554149757381013
0,1,0.5306389217257939
0,0,0.024878930507308404
0,0,0.1290021885556464
0,0,0.23884205208276432
1,0,0.4704995239872692
0,0,0.48402343184850916
0,0,0.14788345908572947
0,0,0.1637462882843635
0,1,0.6043088814350426
0,0,0.14653099043474083
1,1,0.7476233189468484
0,0,0.18591933263272606
0,0,0.12541256792749822
0,1,0.5300187860614333
0,0,0.1377688847033685
0,0,0.46230119996040725
0,0,0.13490218278897953
0,1,0.8502017192903412
1,0,0.39939148727280116
0,0,0.08150116384617778
1,1,0.5763692775089836
0,0,0.3293188393271875
0,1,0.6864752756703225
1,0,0.1962279384706605
0,0,0.12196247314544172
0,0,0.294086353103381
0,0,0.13602460930295052
1,0,0.1505743618467599
0,0,0.04737376210604401
0,1,0.5395892861621494
1,0,0.47969941247263215
1,0,0.4217770889671047
0,0,0.054113746978233575
0,0,0.09738863503771658
0,0,0.08076813521076148
0,1,0.5355006443075325
0,0,0.008562658425694817
0,0,0.13563040333705975
0,0,0.337995325827395
1,0,0.3924067055808541
0,1,0.6511539165169193
0,0,0.2940141504013654
0,0,0.18813334504212592
0,0,0.20051818910105892
0,1,0.5750944713754311
0,0,0.28670597490143557
0,0,0.3736673552657486
0,0,0.46540877946636017
0,1,0.5241323393954972
0,0,0.24543862584965656
0,0,0.039680052095863824
1,0,0.4705420472630226
0,1,0.5374641609871528
0,0,0.07028726169198636
0,0,0.0057244874312543485
0,0,0.3957764908809801
0,0,0.2794446663235914
0,1,0.6152960348303232
0,0,0.24727102314393112
0,0,0.0783784391370788
1,0,0.24040003982707722
0,0,0.1123886037068415
1,1,0.5352898038829771
0,0,0.29281068745187366
0,0,0.42995579609268003
0,0,0.4279366249219189
0,0,0.3542023838877555
0,0,0.17007943331244685
0,1,0.5412731110135138
0,0,0.20290223861739848
1,1,0.9091987271987276
1,0,0.22298300261543033
0,0,0.2150631443188893
0,1,0.7731119391494274
0,1,0.6801213386286917
0,0,0.35297242188072914
0,0,0.13045765658529
0,0,0.43696900722829496
0,0,0.19301436892012858
0,1,0.5951565895977661
1,1,0.5413810491352163
0,1,0.722416708363303
0,1,0.604434302539566
0,0,0.15422260278149286
1,0,0.3667999432869897
0,1,0.752745971165837
0,0,0.40077220043744805
0,0,0.42695249399293533
0,0,0.31722650497936894
1,0,0.49250045348022176
0,0,0.19037977982056925
0,0,0.3444807194435044
1,0,0.4767322883944403
0,0,0.16972584228483073
0,0,0.20003891864069895
1,1,0.8616892251052468
0,0,0.033987550477317496
0,1,0.529194668285927
0,0,0.27971801644123956
0,1,0.6930666727063783
1,1,0.7898164155532579
1,1,0.6344962229033434
0,0,0.09241057153468177
0,0,0.054343928359380185
0,0,0.4598336045905703
1,1,0.7849224010423699
0,0,0.016104405764999847
0,0,0.3519725255681141
0,0,0.09997963666689155
1,0,0.4266678093635524
1,1,0.5988448391738033
0,1,0.7937559628910249
0,0,0.05180121535759678
0,0,0.2946714019821863
0,0,0.4491887009009099
0,0,0.24435224061953884
0,1,0.7095929596862259
0,0,0.4575693514575093
0,0,0.272444977872169
0,0,0.28237000900497977
1,1,0.6251732566252692
0,0,0.344861625666502
1,0,0.14082285056990937
0,0,0.3109853757353757
0,0,0.06490898813362882
0,0,0.08460989601684256
0,0,0.09037984677378642
0,0,0.10998865676806849
0,0,0.039290223489485056
0,0,0.17271852538299912
0,1,0.5642832319469316
0,0,0.38842177378864673
0,1,0.6764554854187207
0,0,0.09113189483983047
0,1,0.640443551026239
0,0,0.20365672938574825
0,0,0.42473751154532896
0,0,0.03178061642081728
1,0,0.1998419397939523
0,0,0.011335681995225675
1,0,0.4180915577513875
1,1,0.6063568128351412
0,0,0.358442091124133
0,0,0.30488086838055894
1,1,0.6642295435833762
0,0,0.10734361064818147
0,0,0.2578801350785984
0,0,0.15043062803431545
1,1,0.7562934167873425
0,0,0.07642461234978884
0,0,0.20157476996880022
1,0,0.08644230673302465
1,0,0.23946388252801853
1,1,0.6200388663623961
0,0,0.1320472031384699
0,1,0.799322608792423
0,1,0.8002997474947939
0,0,0.12855457125401704
0,0,0.2373268972434262
0,1,0.8334355739576327
1,1,0.6557296620791199
0,0,0.08053923962839875
0,0,0.4427223745753159
0,0,0.1491108058056529
1,0,0.45137158587313386
1,0,0.1346258953129445
0,0,0.04201006649460027
0,0,0.25306139088388424
0,0,0.22876454738391114
0,0,0.09304306740864425
1,1,0.8404437300172592
0,0,0.13409853533020613
0,0,0.32034266461732436
0,1,0.5015586155959814
1,1,0.741183520784914
1,0,0.32499405777763984
0,1,0.8139276654717831
1,1,0.5305158134349313
0,1,0.635958613659415
0,0,0.1152917572379546
0,0,0.22935344354280082
0,0,0.1351897330802364
0,1,0.6408249679133377
0,0,0.15758921642212434
0,0,0.15957353768975754
1,0,0.4698265845614074
1,0,0.19623460712552931
0,0,0.1741284039841091
0,0,0.1886039644191769
0,0,0.043009466299289326
0,0,0.42793517892782584
1,1,0.6027952072611682
0,0,0.2897580572572434
0,0,0.1097031850967924
1,1,0.6315851361998553
0,0,0.29629643068339834
0,0,0.043792216813206754
1,1,0.6807658839610723
1,0,0.4323803179391416
0,0,0.05591023548629894
0,0,0.2462652274196393
0,0,0.4048418540476018
0,1,0.5999957731658768
0,1,0.5079858352002314
1,1,0.6332844997852742
0,0,0.4566709876007393
0,0,0.09334840346330454
0,0,0.06419410005111717
0,0,0.3499110357306951
0,0,0.3335481507220638
0,1,0.5195581980761347
0,0,0.32981821947116075
0,0,0.09982052352629758
0,0,0.16784614110260287
0,0,0.18553555433268645
1,0,0.4783039202741988
0,0,0.09622610261923986
0,0,0.26228603573024856
0,1,0.5119804702005939
0,0,0.04666619603347442
0,0,0.07917190971349954
1,1,0.5336063423647789
0,0,0.2356760351235042
0,0,0.35233314163190327
0,0,0.021523619929354386
0,1,0.5176364586960056
0,1,0.588643219571642
0,0,0.14763908931052902
0,0,0.15642375564870928
0,0,0.4528497237340116
0,1,0.6928775082273536
0,0,0.3271790200683392
0,0,0.3518994935519703
0,0,0.04498181598110317
0,1,0.529194668285927
0,0,0.1104698949303692
0,0,0.2711352756386298
0,1,0.6671264973082568
0,0,0.12145706852518001
1,0,0.481721578516083
0,1,0.5199040188770065
1,0,0.299329614794129
0,1,0.5505168395416072
1,1,0.7027655138692288
1,1,0.5622570148433147
0,0,0.3546453630932296
0,0,0.3754672131675256
0,0,0.4139847756147224
0,0,0.11348113332041943
0,1,0.5624439478650002
0,1,0.7354868370506914
0,0,0.14550459738675045
0,0,0.4235523762013702
0,0,0.06016238462468204
0,0,0.35543362528910044
1,0,0.3012686368522755
0,0,0.30640461152767673
0,0,0.41538868531709117
1,1,0.5776469647054011
0,0,0.4023624994799757
0,1,0.5942958857591212
0,0,0.06417249478365847
0,0,0.19184788562093197
0,0,0.0717816883447962
1,0,0.45131236628170956
1,1,0.5858375695655105
0,0,0.269505872842723
0,0,0.1849588432606559
0,0,0.2668528480084461
0,0,0.24273740792156792
0,0,0.030032301440078388
0,0,0.16740620706194934
0,0,0.16746525315642954
0,0,0.3834036016424662
0,1,0.515852494999554
0,0,0.254587639280041
0,0,0.14776514767174934
0,0,0.2939480755635667
0,0,0.4468551672206436
0,0,0.0986094550020149
0,0,0.1511141982324094
0,0,0.14737569674334378
0,0,0.08662690493681703
1,1,0.6018404786027338
0,0,0.0422821483487334
0,0,0.24427000894915565
1,1,0.7501126671316298
0,0,0.3708811574457374
1,1,0.8377413308450127
1,0,0.12501714466087
0,0,0.03319587607804692
0,0,0.06426545702529131
0,0,0.3951365630442254
0,0,0.31323196683490817
0,1,0.6663097632968578
0,0,0.13782843722546945
0,0,0.04965864620081299
0,0,0.47963524683377673
0,0,0.44409165089956576
1,0,0.1791520774275275
1,1,0.7162889459736108
0,0,0.3483990190093135
0,1,0.7126164611532256
0,0,0.09400523542617027
0,0,0.10071533942221879
1,0,0.374842694797006
0,0,0.1531670815341686
1,0,0.3863560330380309
0,0,0.2605621297776871
0,0,0.11465554958595689
0,0,0.11536282138627342
1,0,0.4774446076792793
0,0,0.1515128301184518
0,0,0.09625104901650318
0,0,0.1176727059988175
0,0,0.237562654665596
0,0,0.19585959032623151
1,0,0.2413121648366436
0,0,0.07402306734295705
1,0,0.4514488191776117
0,0,0.08894283643915993
0,0,0.45277699653860654
0,0,0.458497823870889
0,0,0.13036291241438297
0,1,0.5055509252672566
0,0,0.10259785872481583
1,1,0.773155918112961
0,0,0.09982052352629758
1,1,0.5150744470241372
0,0,0.1822003445041373
1,0,0.48943580938898285
1,0,0.43511890613399895
0,0,0.10727160993743437
0,0,0.03132378080368689
1,1,0.5227226656269998
1,0,0.45770505278748297
1,0,0.39939148727280116
0,0,0.4867667883658593
0,0,0.20061649779529034
0,0,0.07673692575673748
0,0,0.077475408300519
0,1,0.5504874820387665
0,0,0.15124263105402894
0,0,0.4294915575179896
0,0,0.305190202601727
1,1,0.5822929334703125
1,0,0.2736536185218957
0,1,0.5345832292406595
0,0,0.09271605377107014
0,0,0.2127701922002255
0,1,0.5726390731955413
0,0,0.026114783477082543
0,0,0.28722326969269724
0,0,0.06301464571893581
1,1,0.6525182258974827
0,0,0.18519889984625568
0,0,0.46548009372235377
0,0,0.3756040439029571
0,0,0.07988399445347125
0,0,0.1878423788423425
0,0,0.029924510737831707
0,0,0.04374243642287039
0,0,0.4729666507955978
0,0,0.11280785273358598
0,0,0.3413939318162743
1,1,0.8182137418681533
0,0,0.24919325902078715
0,0,0.3016000908760003
0,0,0.27379495429543005
0,0,0.07294892576806714
0,0,0.29651170924666687
0,1,0.5348869861791691
0,0,0.14281884133238623
1,0,0.3193163096220374
0,0,0.06521687433376765
0,0,0.27947014029715284
1,0,0.3459293561796768
0,0,0.2596585762193518
0,0,0.09275408037543428
0,0,0.4964751350157702
0,0,0.08887888467233328
1,0,0.41665289871043243
0,1,0.5587706726691062
0,1,0.5379255458307313
0,0,0.08042309784298944
0,0,0.10231022980287681
0,1,0.5136711590496416
0,0,0.32085570465171176
0,0,0.24275143675894967
0,0,0.3188255284728635
0,0,0.35928229564839476
0,0,0.2634337250138038
1,0,0.17476884146095858
0,0,0.10620201330177405
0,0,0.17178702490021308
1,1,0.5553653482740168
0,0,0.06070907180166729
0,0,0.04020718043279962
0,0,0.2416270774768638
1,1,0.5697038617700386
0,0,0.11827380498464235
0,0,0.021651571312285595
1,0,0.4341331038070974
0,0,0.21931731669983903
0,0,0.03819954394476169
0,0,0.13531411943176658
0,0,0.05566849946329445
1,0,0.0822508697952025
0,0,0.06142612242670211
0,0,0.1600446630085535
0,0,0.3060655062333957
0,0,0.04470576731872167
0,0,0.10067363712960864
0,0,0.34209742398983906
0,0,0.16716151474334182
1,0,0.4227246573273126
0,0,0.10889696163296447
0,0,0.2369504380429801
0,0,0.49849865125987436
0,0,0.30775641892834665
0,0,0.22474561662182826
0,0,0.4958960229465905
1,1,0.7787659699405055
0,0,0.3323480775044242
0,0,0.07469160459137236
0,0,0.2048412151573919
0,0,0.039770104841186364
1,0,0.31792210323789283
0,0,0.2882790543891152
0,0,0.11336818972000562
0,0,0.1654710392366677
0,0,0.13013963280234125
0,0,0.3853767172135493
0,0,0.26476098743591026
0,0,0.4900026770343618
0,0,0.3860832796527655
1,1,0.8796115077303154
0,0,0.21917705855356553
0,0,0.45791913641913634
1,0,0.3632050972333479
1,0,0.07582771556624388
0,0,0.4275711806396792
0,1,0.8039564860950313
0,0,0.14807645456656235
0,0,0.08493941925038995
0,0,0.20628812024179363
0,0,0.10388657120906639
0,0,0.020380656414151484
0,1,0.7368701993311125
0,1,0.6765719205688246
0,1,0.565617698568679
0,0,0.08609768481814402
1,0,0.15781629405324563
1,1,0.5020415098031198
1,1,0.5697498076628106
1,1,0.5657971147415729
0,0,0.12551482313982318
0,1,0.6580761203880402
0,0,0.497847841886929
0,1,0.5483929445081924
0,0,0.4943309887498369
0,0,0.40082868139485833
0,0,0.18642635969047036
0,0,0.4771292514674867
0,0,0.2704084622797071
0,0,0.1646645505478763
0,0,0.42124998224456434
0,0,0.4086671627592679
0,0,0.17458674161441345
0,0,0.3082045197693695
1,0,0.4555199952683633
1,0,0.44052029512168844
0,0,0.16914540961945246
0,0,0.2981540458067096
0,0,0.19585974945533774
0,0,0.4848282980635926
0,0,0.0930485118181323
1,0,0.23052160962760757
0,0,0.2657931526534469
0,0,0.07295033480347077
0,1,0.5543853896648016
0,0,0.15434589435614443
0,0,0.08864656325566224
0,0,0.07025278571474888
1,0,0.2625699667454054
0,0,0.09083602331346577
0,0,0.38342830162887365
0,0,0.2695405501361384
0,1,0.6304714225977015
0,1,0.5050426483847537
1,0,0.22909424899388214
1,1,0.5075256839966591
0,0,0.2861900958089039
0,0,0.04088510770914125
0,0,0.08985024538165803
0,0,0.08326298544188844
0,0,0.028458211427812737
1,1,0.534388223737396
0,1,0.66944860651904
0,0,0.12530836024787761
0,0,0.3903019400333643
1,1,0.6290533571076377
0,1,0.7252815093023565
0,0,0.04883487004747072
0,1,0.761031891039244
0,1,0.6449739197962714
0,1,0.6262701569872624
0,0,0.4084834238831917
1,0,0.2702165143473369
0,1,0.549872711746606
0,0,0.24530120164588684
0,0,0.03461175071883931
0,0,0.20780578245284131
0,0,0.1852330354575386
0,1,0.5354136628049165
1,0,0.4792186487462964
0,0,0.04291943171577633
0,0,0.2342945566056962
0,0,0.4894656876252592
0,0,0.4567993595889113
0,0,0.10014677047021384
0,0,0.15245938102507392
0,0,0.4039138557664101
1,1,0.573813262316745
0,1,0.7132006033643199
0,1,0.5273655279618896
0,0,0.1779127138173244
0,0,0.3364502078016012
0,0,0.04836967734809291
0,0,0.030975275638460906
0,0,0.3049701215782672
0,0,0.1273444800757332
0,0,0.04171536653229481
0,1,0.6356933159825376
0,0,0.09424555761059086
0,0,0.08036592532671329
0,0,0.25949954849546497
0,0,0.09269511073122351
0,0,0.18433962421245367
1,1,0.688590902020485
0,0,0.24683749225777102
0,0,0.03597691352634144
0,0,0.13079611310863393
0,0,0.2765106963410598
1,0,0.4322997567848597
0,0,0.034017217788124825
0,0,0.17655134680216591
1,1,0.6516977880507296
0,0,0.20200222479819652
0,0,0.05123222690680763
0,0,0.1837540612916921
0,0,0.028926834603305192
0,0,0.09819353279661572
0,1,0.5123809828515711
1,0,0.10533942549606434
0,0,0.07574545435711853
0,0,0.13820139350042454
1,1,0.8497441493691495
0,0,0.3580411505157244
0,0,0.3137959878911175
0,0,0.14690253250934363
0,0,0.17082174546548
0,0,0.32691502000646355
0,0,0.16800887428178213
0,0,0.18655087537726445
1,1,0.5489351107269063
1,1,0.7061040696452261
0,0,0.3879684303055047
0,0,0.015824319945287685
1,0,0.3888876609736788
0,1,0.6784625669165146
0,0,0.20388117836216946
0,0,0.4770748976985791
0,1,0.5636500004982978
0,0,0.07102763743153379
0,0,0.3545470365347303
0,0,0.349073521836897
0,1,0.5605062236095519
0,0,0.09983279883607112
0,0,0.19337562732697225
0,0,0.4717600671459029
0,0,0.14702404692245188
0,0,0.11587315808555661
0,0,0.35290098558178795
0,0,0.1353483500933191
0,0,0.01997812870807295
0,1,0.5712389389935827
0,0,0.019888186874755725
1,1,0.52512156028526
0,0,0.05012632683220919
0,0,0.2208749680688535
0,0,0.19306558292666787
0,0,0.029612716437238767
0,1,0.8019249427043542
0,0,0.49698158829474615
0,0,0.18164599923650843
0,0,0.06158095390448332
0,0,0.32984397221858525
0,0,0.34501586430998205
0,0,0.3451742649130084
0,1,0.5311271976217796
0,0,0.2505787775879757
0,1,0.5240588670725634
0,0,0.27071756517307866
0,0,0.2121783423004012
1,1,0.563624370698674
0,0,0.05755565475385422
0,0,0.3522090970748093
1,0,0.03732754087503128
0,0,0.027123898364552427
1,0,0.06952421326655286
0,0,0.08000309092719746
0,0,0.09152718110445054
0,1,0.784099112259716
0,1,0.6979606722683347
0,0,0.27141209166553154
0,1,0.8587533056478359
0,0,0.13381257590367784
1,0,0.3512277493206735
0,0,0.21974865494141932
0,0,0.11087163406368582
0,0,0.4967437205753771
1,0,0.37737258750881053
0,0,0.20999680612924781
1,0,0.4539651877800686
1,0,0.3276106121262022
0,1,0.6792939047966136
0,0,0.3824344196968034
0,0,0.2624288685963471
0,0,0.24161226998706983
0,0,0.41734432448842207
0,0,0.1070510455923357
0,0,0.09055997857528275
1,1,0.7303813513914132
0,0,0.2360970507528022
0,0,0.4208650108061873
0,0,0.2894463483359962
0,1,0.6025156708616463
0,1,0.5806809963628846
1,0,0.3443757836474944
0,0,0.3316134032519482
0,0,0.18344529441433474
0,0,0.40367441572831014
0,0,0.25158165569953517
0,0,0.30651920702849494
0,0,0.07713523387500737
0,1,0.693011704440497
0,0,0.09559091230195324
0,0,0.31123142466405745
0,0,0.14866183158200366
0,0,0.029172697884424555
0,1,0.5545512212283312
0,0,0.12543637699537427
0,0,0.17268386821576756
1,1,0.5000517842131579
1,0,0.21742936533875826
0,0,0.11506523470829513
0,1,0.5491875451403317
0,0,0.1963410478084771
0,1,0.7039220065087441
1,1,0.6226859678013401
0,0,0.32192088126784557
0,0,0.13877001990141377
1,0,0.3965426107248021
1,0,0.3753799962793773
0,0,0.3276106005113383
0,0,0.16828584697539925
0,1,0.5601124846577965
0,0,0.10288442568735794
0,0,0.2036710183610322
0,0,0.20992506410381404
0,0,0.21222907539084007
0,0,0.3417830775319167
0,0,0.2772315652147905
0,0,0.2027694796648761
0,1,0.7844488056949358
0,0,0.48474566784551265
1,0,0.4022966075462209
0,1,0.5268491845462826
0,0,0.2349325643284432
0,0,0.486503246528502
1,1,0.5213797725023663
0,0,0.18823851447782725
1,0,0.44645495401093976
0,0,0.4112162767748505
0,0,0.08160989175268184
0,0,0.13303520852785555
0,0,0.062081163819060876
0,0,0.05916907686623154
0,1,0.8036970329817336
1,1,0.6177684060435609
0,0,0.22146763039435285
0,0,0.03721853076735735
0,0,0.1973364957196227
0,0,0.2762487623749984
0,0,0.10346604784104783
0,0,0.42025726947630965
0,0,0.2839637803287185
1,1,0.5132176627695202
0,1,0.5127830227143954
1,0,0.23642866173787241
0,1,0.5801617109240945
0,0,0.1629578884533798
0,0,0.061914266788286744
0,0,0.2756678308982231
0,0,0.06916227973666052
0,0,0.364315771374595
0,0,0.2726288433693336
1,1,0.5591306451600703
0,0,0.05437537446717643
1,0,0.2989311918249721
0,0,0.266798857789957
0,1,0.5212205008900054
0,0,0.45535994621133935
0,0,0.2346209830972565
1,0,0.4620641078664532
0,0,0.3063732277927323
0,0,0.11728390123494234
0,0,0.12409074693090133
0,1,0.7192276035081767
0,0,0.03147399856223385
0,0,0.4854545510576791
1,1,0.8086371463217437
0,0,0.11658246664355604
0,0,0.18519889984625568
0,0,0.3785274091153755
0,0,0.057409311094119515
0,0,0.07917122295489167
1,1,0.5072696873559875
1,1,0.8110804754384476
0,0,0.16972584228483073
0,0,0.1623834108002513
1,1,0.690618875090624
0,0,0.07478872794247768
1,0,0.4996491339996242
0,0,0.03834047125666173
1,0,0.14035855372223266
0,0,0.02830911742061535
1,0,0.49782761343216975
0,0,0.11965593821075797
0,1,0.8460590766446026
0,1,0.5746127574926032
0,0,0.47623269072688584
1,1,0.746447215223144
0,0,0.023799894963412015
0,1,0.5916749304473763
0,0,0.09462558241846851
0,1,0.5349914326091032
0,0,0.2638457980529146
0,0,0.028010577284547443
1,1,0.5268491845462826
0,0,0.456184789052823
0,0,0.09101511185888675
0,1,0.5349914326091032
0,0,0.09527252796318843
0,0,0.24122871342337282
0,1,0.5374641609871528
0,0,0.18460435734779762
0,0,0.3862310956587276
0,0,0.09494393666168378
0,0,0.07802885122776762
0,0,0.29947709659764615
0,0,0.3500447181441072
0,0,0.4652979662809386
0,0,0.2298034798534799
0,0,0.05076364770150048
0,0,0.11020315035969643
0,1,0.6281203126938423
0,0,0.053992044143413256
0,0,0.025563767741791348
1,1,0.5432793196082671
1,1,0.590713811521087
0,0,0.07692582774705689
0,0,0.4395218325693492
1,0,0.43404773178612194
1,1,0.5117756116289395
0,0,0.020382042956125217
0,0,0.17116625968057858
0,1,0.7755275285716465
0,0,0.03534365493700407
0,0,0.30576247644397836
1,1,0.8762639789404499
0,0,0.49707307616131174
0,0,0.3517197744789176
1,0,0.1871048473508277
0,0,0.11965540065265517
0,0,0.4346972426141964
0,0,0.293087544370645
0,0,0.049825617178998464
0,0,0.1977482378053952
0,0,0.21920781710012358
0,0,0.07261222393648081
0,0,0.3559672848937556
0,1,0.5906844825138168
0,0,0.48799151172322186
0,0,0.17007385567804845
0,0,0.2733761958062767
0,0,0.38421749244116504
0,0,0.39649751393972926
1,1,0.625924341233242
1,0,0.3512270901613007
1,1,0.5900786618925163
1,0,0.3516143445477811
0,1,0.6660138758443712
0,0,0.036251869041777664
0,0,0.04511016828327503
0,0,0.34262839396789
0,0,0.03281589271635229
0,0,0.05311495829596794
0,0,0.20333594830038143
0,0,0.09823620180565056
0,0,0.027067275859347147
0,0,0.18536591893513743
0,0,0.13885833694965877
0,1,0.5432125136869383
0,0,0.2769207209629037
0,0,0.11180000468040961
1,1,0.5764001206195477
0,0,0.09982052352629758
0,0,0.17996886403041512
0,0,0.1135523888311015
0,0,0.12232911216463845
0,0,0.20938096218939878
0,0,0.1597203180806123
0,1,0.6043713631712856
0,1,0.6046469758455053
0,1,0.8413747964997963
0,0,0.05610869505138503
0,0,0.3706216515741102
1,1,0.5260626938421055
1,1,0.8079506114227474
0,0,0.126908020737557
0,0,0.21709353897137754
0,0,0.04970694695429442
0,0,0.42561494206914463
0,0,0.07569796665455014
1,1,0.5039164092321482
0,0,0.049953243924135936
0,0,0.4692928823698949
0,0,0.08660321609472725
0,0,0.1092463239362773
0,0,0.15382291239850074
1,1,0.5647678972214576
1,1,0.7973607448193362
1,1,0.7885410065224309
0,0,0.16439886104781531
0,0,0.16407992069181584
1,1,0.6890216327073916
0,0,0.42449982756608173
0,0,0.09802883766958673
0,0,0.2865898329139041
0,0,0.0789310589201433
0,0,0.10426376546210285
0,0,0.4499112724149488
0,0,0.18644906011960874
0,0,0.18796184073741648
0,0,0.4152120145219992
0,1,0.5116503625516787
1,1,0.8249547231713905
1,0,0.39044694983292016
0,0,0.11366471566023117
0,0,0.12122043084912669
0,0,0.17249008870831647
0,1,0.5128061389446162
0,1,0.572293171530694
0,0,0.2907496288003615
1,1,0.9577880795674918
0,0,0.025935679908434577
0,0,0.1283287419060592
0,1,0.600114413736705
0,0,0.2551655778616982
0,0,0.09344001148813535
0,0,0.4393872445923528
0,0,0.2597990259415115
0,0,0.12635417151205533
0,0,0.49480621605299113
0,0,0.24587969034829882
0,0,0.13880969940048954
0,0,0.11513638196455533
0,0,0.09022342199022641
0,0,0.3634348923636851
0,0,0.24965481068736972
0,0,0.33076571739807037
0,0,0.17581261943833304
0,1,0.5102750191676529
0,0,0.04304433716931873
1,0,0.19821522971726188
0,1,0.6122500853835994
1,0,0.32809990408615725
0,0,0.18911573388672798
0,0,0.28820054003730483
1,1,0.6784819425625052
0,0,0.3192566552967104
0,0,0.1683744800308643
1,1,0.6355233684014646
0,0,0.4389711676925297
0,0,0.13708408065740452
0,0,0.11108388645078011
0,0,0.12791631233324818
0,0,0.09838076307513646
0,0,0.16108381152731013
0,1,0.8143590001473128
0,0,0.11390834423184783
0,1,0.5308424136779402
0,0,0.04891094944236847
0,1,0.6445335532773611
0,1,0.5445262572394919
0,1,0.8033613618686212
0,0,0.38177279210870524
0,1,0.622689610641623
1,1,0.5223801253406015
0,1,0.7653146670867258
0,0,0.17853473579311516
0,0,0.0760842913678665
1,1,0.5728914308783404
0,1,0.5558789166212607
0,0,0.1956277971839307
0,1,0.7488220435968114
0,1,0.5595794670728883
0,0,0.393619097644552
0,0,0.033493145023868104
1,0,0.4315283445627873
0,1,0.5474387442765927
1,1,0.6646625114123497
0,0,0.14945322283469578
0,0,0.20870625304376303
1,1,0.5671295803439766
0,0,0.46955844183622814
0,0,0.18920928126929942
0,0,0.09660046414856145
0,0,0.4509968650948779
1,0,0.2874260161397287
1,0,0.3608744577862226
0,0,0.3378588476690846
0,0,0.2864734118526122
0,0,0.18519889984625568
1,1,0.6148645459001497
0,0,0.133163153517171
1,1,0.6533184100757631
0,0,0.060578158950707936
0,0,0.11593944247601108
0,0,0.43328279304401585
1,0,0.34621024028144787
0,1,0.559322376224853
0,0,0.1496143377737204
0,0,0.3560519167108648
0,1,0.5796641099039708
0,0,0.20672577753344015
0,0,0.07455440204394621
1,0,0.3886773326177644
0,0,0.1536061611666561
1,1,0.5643609687893407
0,0,0.49952263501605615
0,1,0.6219203500174858
0,0,0.26639836925490507
0,0,0.03218359384280437
0,0,0.13323460923815092
0,0,0.11864792170535343
0,0,0.14917864231401745
0,0,0.07575557634990161
0,0,0.08557356455558336
0,0,0.29634913423206766
0,0,0.16439748330308643
0,0,0.31465137935525544
0,0,0.3931362547411312
0,0,0.12122043084912669
0,0,0.10047084599652535
0,1,0.5251703702565099
0,0,0.2229123779270839
0,0,0.3460711731934205
0,0,0.12658764482390228
0,0,0.10044271594642765
1,0,0.40935282761327657
0,0,0.42306177271014733
0,1,0.544534552306998
1,1,0.884552101092349
1,0,0.19160049656314554
0,0,0.23952931697358948
1,1,0.6588525054466229
0,0,0.16457031464817176
0,0,0.15757769354828186
0,0,0.33118294454465785
0,1,0.5881562534342007
0,0,0.37934281057356184
0,1,0.5509072452601864
0,0,0.053893641478719785
0,0,0.14937440334778682
0,0,0.09489934968543236
0,0,0.15948011438970908
0,0,0.11151212295717777
0,1,0.5445825704902127
0,0,0.21543460889242644
0,1,0.5345665407147606
0,0,0.2832957386181071
0,0,0.038408098690467636
0,0,0.0817776414980938
0,1,0.8189570475820476
0,0,0.2375597692373337
0,0,0.08651167372374291
1,0,0.4553354456860649
0,0,0.2898319967755499
0,0,0.30585406731027315
0,1,0.5174451137098194
0,0,0.36355549567250084
0,1,0.7537506124050242
0,0,0.2770069625236562
0,0,0.23070620437067813
0,1,0.7442758377243672
1,1,0.5155337766808357
0,0,0.32928120964576085
0,0,0.017600025585319697
0,0,0.3848454603675192
0,0,0.48542377038925905
0,0,0.4830566927482562
1,0,0.31117554004632814
1,1,0.5137093008757095
0,0,0.04161190350836137
1,0,0.28821381084229375
0,0,0.45335530322155365
0,0,0.28444893732333004
0,0,0.35382346984514185
0,0,0.14450642758227902
0,0,0.4105957145916504
0,0,0.37084019331201984
0,0,0.1454668113038336
1,0,0.42947842568881733
0,0,0.0817946579744086
0,0,0.4420803747479447
0,0,0.23138604698900692
0,0,0.3978863633213479
0,0,0.12219037637934022
1,1,0.6739105578517343
0,0,0.08026777546885397
0,0,0.13279619467268014
1,0,0.45945426324335015
0,1,0.5006898918567211
0,1,0.5247960626118519
1,0,0.24264371402105017
0,0,0.4483425441674775
1,0,0.4955440259631439
0,0,0.06276619081045302
0,0,0.05645326588011362
0,0,0.04998104731525782
0,0,0.28788488290586245
0,0,0.23254005756598645
1,1,0.6968013523228391
0,0,0.10958921887516603
0,0,0.25236687821616194
1,0,0.3692122429925162
0,0,0.04774591533773454
0,0,0.027056063575207845
0,0,0.4259483308647733
0,0,0.05424470439715783
0,1,0.8601056307962688
0,1,0.6408030437316679
0,0,0.021599000422926153
0,0,0.46747744134663655
1,1,0.560474615039244
1,1,0.5704680871960288
0,0,0.033673036942804845
0,1,0.5258114726795298
0,0,0.46392897886427287
0,0,0.39722928072863567
1,1,0.6784662444768946
0,0,0.06848894260401
0,1,0.5349914326091032
0,0,0.4248719101957597
0,0,0.06833656681401112
0,0,0.44691073874239495
1,0,0.3981046227737408
0,0,0.4243021440920048
1,0,0.3064603565402056
1,0,0.13188205797063565
0,0,0.09516655382446623
0,1,0.8338707144248939
0,0,0.3145899024548237
1,1,0.5008182283595864
0,0,0.1585119420053631
0,0,0.23438004705822352
0,0,0.07024260243904971
1,0,0.24005849838299548
0,1,0.5740684131457352
0,0,0.160442707769892
1,1,0.8482336247582635
0,0,0.1296211601025216
0,0,0.3279588493939517
0,0,0.333688313249072
0,0,0.35140647693666255
0,0,0.05937137890707041
0,0,0.2557597403441205
0,1,0.7058407722022269
0,0,0.3641931575046902
1,0,0.2546709148927779
1,1,0.8060202333929115
0,1,0.5349914326091032
0,0,0.4809386410946009
0,0,0.16255680235859116
1,1,0.5441187436051483
0,1,0.7448903617022813
0,0,0.29594513665230804
1,0,0.38850118382848575
0,1,0.6174751080389622
0,0,0.2265920806956614
0,0,0.16907655920255193
0,0,0.3612839552316014
0,0,0.26492978401362854
0,0,0.45286326725103826
1,0,0.3584150820513053
0,0,0.41688816528901695
0,1,0.5370839632327453
1,1,0.5554114154392794
0,0,0.12956137722593766
1,1,0.5969815762327543
0,1,0.7527277020365258
0,0,0.2588738577481291
0,0,0.3814634694126252
0,0,0.08024386522469285
0,1,0.6253131215190039
0,0,0.35441735396513985
0,0,0.17275023463783967
0,0,0.15297538167798713
1,1,0.5955717365566435
0,1,0.6310486224922499
0,0,0.08529483105871084
0,0,0.297547163820683
1,1,0.73075582018887
0,1,0.5454383231826526
0,0,0.32759734728695467
0,1,0.5374641609871528
0,1,0.528335685112388
0,0,0.24139941244841348
1,0,0.4096086455290613
0,0,0.031533776229743966
0,0,0.15772211685466841
0,0,0.11366614050437579
1,1,0.7151126580391286
0,0,0.020265831865914307
1,1,0.742608399498105
0,0,0.09377935076582447
1,1,0.6385120365816958
0,0,0.14075696218382905
0,0,0.17589911441041464
0,0,0.39939148727280116
0,0,0.4346313865710393
0,0,0.16968421071346781
0,0,0.35696971253434107
0,0,0.16548449888259714
1,1,0.5113037380576079
0,1,0.8390522690816807
0,0,0.4066044607697084
0,0,0.11254112186368506
1,1,0.5638199587363673
0,0,0.22389060390541057
0,0,0.11154403515797388
0,0,0.08603357998210936
0,1,0.7799972008985167
0,0,0.4375438617529837
0,0,0.4269675395553879
0,0,0.16710302073670635
0,0,0.34621448641664626
0,0,0.26296064172575484
0,1,0.7443538310817723
1,0,0.2786055402268064
0,0,0.17311085707822205
0,1,0.62671505207612
0,0,0.10105636057635786
0,0,0.4134996302716891
0,0,0.04006108037595443
0,0,0.43360949060387083
0,0,0.1185541378556084
0,1,0.5720961816105007
0,0,0.4233644419393343
0,0,0.15441260618466499
1,1,0.6687379515908928
0,0,0.2687081131371198
0,0,0.13817052738125035
0,0,0.0744634301982083
1,0,0.3480731857295325
0,0,0.2574922000200639
0,0,0.03489761806384911
0,0,0.06516245554852258
0,1,0.50670156391596
1,0,0.3441939031583243
0,0,0.31903415308793187
0,0,0.4760042172510439
0,0,0.23227800689187822
0,0,0.14012504984409008
1,1,0.7235215272630134
0,0,0.4914956138574354
0,0,0.18819236480334994
0,0,0.10083701039099649
0,0,0.1131811736542362
0,0,0.1542171958869295
0,0,0.04582770547333263
0,0,0.25744818199778174
0,0,0.13485999505042853
0,0,0.13403368634714957
0,0,0.014529084209342034
0,1,0.7913183143968747
0,1,0.6581848200818787
0,0,0.39861227235956337
0,0,0.15037787034044975
0,0,0.09055060204189647
0,0,0.19837285669354254
0,0,0.28682416186107107
0,0,0.2508913900999816
0,0,0.3819182436693113
1,1,0.7521986142512461
0,0,0.22909916163383517
0,0,0.1555475289960585
0,0,0.12060079127496946
0,0,0.25221054934929626
0,0,0.04349396445416676
0,0,0.1407585430225438
0,0,0.4526845923254591
0,0,0.09118593342536963
0,0,0.10827868163032556
0,0,0.36055284955555855
0,0,0.1315041393212847
0,0,0.27299669546438976
0,0,0.22670216830072662
0,0,0.2458616717779391
0,0,0.14652881177127428
0,0,0.026078572381229372
1,1,0.6282689393366642
0,0,0.3671853439088055
0,1,0.8242911298940708
1,0,0.3242034707523205
1,0,0.3383871946893002
0,0,0.2624450423329681
0,0,0.0714714458949806
0,0,0.4177148989498059
0,0,0.2204163578127006
0,0,0.16783728851001886
0,1,0.5682624936752173
0,0,0.37945103044251655
0,0,0.38085685239141287
0,0,0.2174173129962599
0,0,0.2333751293651002
0,0,0.39663638661321743
0,0,0.28986396276465437
0,0,0.16108656429209828
0,0,0.39528940958708764
0,0,0.3101057695028285
0,0,0.1439927502509428
0,0,0.1262589949057241
0,0,0.31014220229056394
0,0,0.29166470932484995
1,1,0.8228647110686585
0,0,0.2359626346706843
0,1,0.5268491845462826
0,0,0.13922183667385843
0,0,0.10759515100708773
0,0,0.3386942144268835
0,1,0.6349174948624909
0,0,0.1248717424697014
0,0,0.20706987406302305
0,0,0.18668611278260414
1,0,0.3757200608558969
0,0,0.4588088090683108
0,0,0.08935069670441811
0,0,0.23101986818730755
0,0,0.17119563817197983
1,0,0.4872541909128599
0,0,0.31526432325990983
0,0,0.15672318635020277
0,0,0.0794723112607059
0,0,0.3809916171420751
1,0,0.03588139802357401
1,1,0.8199796504664927
1,1,0.7299082892082122
0,0,0.11752908763308957
0,0,0.11212691786186053
1,1,0.7211451716641342
0,1,0.696738780569276
0,0,0.08149912156671114
1,1,0.5729808603705664
0,0,0.18521559942010968
0,0,0.028043331397734416
0,0,0.07015282438155715
1,0,0.3001647957657187
0,1,0.6797124342543981
0,0,0.03633624185009728
0,1,0.5939435983169998
0,1,0.7029870576762988
0,0,0.26159841741196754
1,0,0.23131083231619562
0,0,0.12069563194877835
0,0,0.14926029178682632
0,1,0.7093498332250354
0,0,0.043206309996701955
0,1,0.5237277356563477
0,1,0.7286068854462819
0,0,0.32329631939330417
1,1,0.8007447446344503
0,1,0.5202783342961361
0,0,0.1331975560492618
0,0,0.2263720649184184
0,0,0.49779995930307164
1,0,0.3161515118525549
0,0,0.48535612118359805
0,1,0.5811537031023097
0,0,0.14331303923562733
0,0,0.06888778356752752
0,0,0.11585690063414096
0,0,0.27057024973911836
1,0,0.45968732525930683
0,0,0.2251821660938171
0,0,0.1498583173067302
0,0,0.4009852735795717
1,1,0.8659332632022256
0,0,0.12277415678576667
0,0,0.37759106478603394
0,0,0.33293352677108384
0,0,0.24655667885892352
1,0,0.3483005375567482
0,0,0.0657715448607841
0,0,0.23262068815416687
0,1,0.5374641609871528
1,1,0.8286832165798881
0,0,0.0786817417873748
1,1,0.6873835064001471
0,0,0.09905081250159396
0,0,0.4547586841692881
0,0,0.09433306598730029
0,1,0.6958770249358488
0,0,0.35493217009193934
0,0,0.49459815866892853
0,0,0.05056541722930009
0,0,0.41661823810084386
0,0,0.21432263697070103
0,0,0.3820306086796284
0,0,0.39939148727280116
0,0,0.0385147193118503
0,0,0.4467365755817714
0,0,0.09435462877908699
0,0,0.0665553385217334
0,0,0.24616450680382576
0,0,0.16972584228483073
0,0,0.048322555979516485
0,0,0.050173459678106956
0,0,0.2540308195687924
0,0,0.37523795968044865
0,0,0.2887238843258665
0,0,0.35860275837162797
1,0,0.21605692481466487
0,0,0.287216426041167
0,0,0.3246316377318435
0,0,0.44444562246411085
1,0,0.2683662648890979
0,0,0.09228743179821113
0,0,0.16616304657455971
0,0,0.24402588792881502
0,0,0.06542504434845982
0,0,0.202009678911624
0,0,0.3227801767038055
0,0,0.38728969982259454
0,0,0.38196351674394285
0,0,0.09644614217031339
0,0,0.05241690955096149
0,1,0.5349914326091032
0,0,0.16213694053450878
0,0,0.39546446353899395
0,0,0.1333144164870476
0,0,0.11689642398512028
0,0,0.15395293504944313
0,0,0.25365193466898306
0,0,0.059240122893709224
0,0,0.07090308637440988
0,0,0.07281370151812952
0,0,0.24571557745087177
0,0,0.16619602723851104
1,0,0.2052091710890961
0,0,0.3912177978826586
0,0,0.30511372164700323
1,0,0.2736412027944537
1,1,0.5785693503979108
0,0,0.37720442972919727
0,0,0.09714382199583863
0,0,0.2917029499828452
0,0,0.1377898718584478
0,1,0.5017162121504224
0,0,0.09691394300520521
0,0,0.14235147576544924
0,0,0.3822923369754539
1,0,0.45138576886848863
0,0,0.0602739522430873
1,0,0.4964208293569748
0,0,0.19987312318332853
0,0,0.4595388063232494
1,1,0.7260476826503041
0,0,0.06086211876671159
1,0,0.39590595102472087
0,0,0.13847212539885598
0,1,0.558853198272316
0,0,0.4665320361326552
1,0,0.39353147669324157
1,0,0.37844959850212484
0,0,0.07109874763565176
1,0,0.47572524073220657
0,0,0.3738314120215345
1,1,0.7115496464090892
0,0,0.06012201076808811
0,0,0.17002822550972763
0,0,0.30330721448600706
1,0,0.4495992792610438
0,0,0.07839916751334926
0,0,0.08685315375558463
0,0,0.4019525971329042
0,0,0.11611728576272161
0,0,0.16470847861015328
0,0,0.30566578220254687
0,0,0.38430548066770975
0,0,0.01822031617619853
1,0,0.39081325243670445
0,0,0.16460089983199466
0,0,0.2712230849000326
0,1,0.7989452447420713
0,0,0.22440748164918878
1,0,0.4061824380527168
0,0,0.07545670485028828
0,0,0.13842457526549487
0,0,0.30934293319626155
0,1,0.5042423017299178
0,0,0.07185652019719345
0,0,0.4032329351390498
0,0,0.2179249424839891
0,0,0.4360405161195133
0,0,0.1709123300150907
0,0,0.34303002736650234
0,0,0.21553077050483574
1,0,0.4878591205606685
1,1,0.592102905773302
1,0,0.3849926045769101
0,0,0.3961732411659247
0,0,0.016968502260089724
0,1,0.578943692047273
0,0,0.35571072873149223
0,0,0.1268563324933294
0,0,0.14676861689183074
0,0,0.40183012378306765
0,0,0.10296243824121816
0,0,0.2800996324643456
1,1,0.8302032450120684
1,1,0.5821308735105848
0,0,0.20493033214238246
1,0,0.24894907426341584
1,0,0.18052442921228046
0,0,0.27505353016596584
1,0,0.4145686353693319
0,0,0.49301044386183707
1,1,0.5087314957717435
0,0,0.017334364729218333
0,0,0.09996764892809491
1,1,0.5460437621488708
0,0,0.0705998092593681
1,0,0.2943161110819006
0,0,0.1350660518082071
0,0,0.06785344091308107
0,0,0.16295128602907238
0,0,0.22810652969301293
0,1,0.5072008025084644
0,0,0.32165191088925843
0,0,0.45778077400755424
0,0,0.48059169425906173
0,0,0.46934952902630783
1,1,0.6197721109972419
1,0,0.4219324560372547
0,0,0.0975802841971526
0,0,0.16755852744556568
0,0,0.25925632700632706
0,0,0.24451385579370513
0,0,0.15422580905359087
0,0,0.03121377829475117
0,0,0.15268165577346324
0,0,0.13825903659498734
0,0,0.24995228001199038
0,0,0.17519845100719708
1,0,0.4116052921107102
0,0,0.27917141085521696
1,0,0.3420205835386945
0,0,0.07346790002529478
1,0,0.3946348471696767
0,0,0.4970551684679652
0,0,0.0965149479742973
0,0,0.30691250933162717
0,0,0.019223825589088497
0,1,0.5855406987949556
0,0,0.41302997922270357
0,1,0.5349914326091032
0,0,0.0999942385023024
1,0,0.32691502000646355
1,0,0.4792548894705316
0,0,0.25147958646997526
1,0,0.30024488309821135
0,0,0.30013961432730946
0,0,0.0368004061540612
0,0,0.15137410376512206
0,1,0.5084593162124961
0,0,0.14453727356284904
1,1,0.6322267236690613
0,0,0.15797210847380816
1,0,0.31732657806303344
1,0,0.1832993334019203
1,1,0.7603453784777311
0,0,0.09564239450062521
0,0,0.20615916183932753
0,0,0.14553846704828663
0,0,0.1479560920635662
0,0,0.46643395514873814
0,0,0.04040723635235178
0,0,0.43705920724666525
0,0,0.09508539229162828
0,0,0.1256011319834849
0,0,0.4368542836449181
0,0,0.4197404269105509
0,0,0.0167765127416593
0,0,0.47238955367120333
0,0,0.1033358128937637
0,0,0.29175289479627486
1,1,0.7248319386581769
0,0,0.21207999707264416
0,0,0.42543214459209544
0,0,0.46668131204042035
0,0,0.16065615797916624
1,1,0.6081794972456736
1,0,0.14753278981632648
0,0,0.32172736612945585
0,0,0.044271508848642
0,0,0.13052903915772782
0,0,0.12347195162365444
0,0,0.320616850956103
1,1,0.6421992310521725
0,1,0.755130291005291
0,0,0.25001586307438783
0,0,0.04140870267027491
0,0,0.13962925292241163
0,1,0.5356601464267876
0,0,0.3620121985103981
0,0,0.34764874923439343
0,0,0.2950623368633431
0,1,0.5520024914408299
0,0,0.07188628231523456
0,0,0.32670384260138935
0,0,0.08586916601854343
0,0,0.044383362472595694
0,0,0.052963166876482164
1,0,0.294437355332836
0,0,0.09340186302295933
0,0,0.4978345903179495
1,1,0.5586275237204034
0,0,0.056794190181549783
0,0,0.3428587018130363
0,0,0.19935513682619216
0,0,0.29447731376341535
0,0,0.05797817549745201
0,0,0.0828883506788465
0,0,0.4529577235200304
0,0,0.07140587462646286
1,0,0.11002117608668201
1,1,0.6239199719362765
0,1,0.626995750150549
0,0,0.3565731398138518
1,0,0.22939318090272698
1,1,0.7357627320936143
0,0,0.36648389712282914
1,1,0.7761083058668198
0,0,0.08423653589953728
0,0,0.05550109599187343
0,0,0.2659380825438557
0,1,0.5397607466063349
0,1,0.8069374751734141
0,1,0.5221133252270181
0,0,0.2037698288639467
0,0,0.15625561780640077
0,0,0.46069811175809633
0,0,0.10303455439755747
0,0,0.2969349635037144
0,0,0.36328964009846376
0,0,0.15216526438854938
0,1,0.6863865091879797
0,0,0.1161081875640699
1,0,0.10468818218769636
0,0,0.0554642869269327
0,0,0.19277671310171315
0,0,0.03542856609191641
0,0,0.053657663547939015
0,0,0.08492951657199811
0,0,0.21256407445132938
0,0,0.2549881886992154
1,1,0.7584018851805229
0,0,0.36412056528770076
1,1,0.5159861062856413
1,1,0.803164648102729
0,0,0.12895578849132736
1,1,0.6105410248792607
0,1,0.6266454964883759
0,0,0.11115755116343348
0,0,0.18519889984625568
1,1,0.7545016978921778
1,0,0.4713591424914955
0,1,0.6142605538023493
1,0,0.36361307945866755
1,1,0.5582031187954112
0,0,0.2908029324619883
0,0,0.20248875831770585
0,0,0.2597737023325259
0,0,0.05489625507504765
0,0,0.024629656891852945
0,1,0.5549728175833979
0,0,0.2296679512430767
0,0,0.07822777377701517
0,1,0.6702191767927062
0,0,0.28974090303450234
1,0,0.10557192943544083
0,0,0.48802726972516003
0,1,0.6064327569469415
0,0,0.3507148273839451
0,0,0.25454119471199504
0,0,0.02234578169997825
1,1,0.689236645432062
0,0,0.04183681244568668
0,0,0.08065921621918268
0,0,0.3797471691905479
1,0,0.4217754095176696
0,0,0.17449639272549503
0,0,0.3334345687507532
1,0,0.17415238120152984
0,0,0.1033103147382867
0,0,0.39122801263338336
0,0,0.06399948382580287
0,0,0.15944823564556027
1,0,0.08091688304665931
0,1,0.620684193873435
0,1,0.5503051410806831
0,1,0.7193162346912342
0,0,0.24147802869011956
1,1,0.7076368398972888
1,0,0.3663987380438619
0,0,0.25514113084363005
0,0,0.1615496320238969
0,0,0.3989872699253507
0,0,0.2787135902755749
0,0,0.3115438935849153
0,0,0.14292584831292518
1,1,0.5349914326091032
0,1,0.6310752030620447
0,0,0.05849241745654962
0,0,0.06471289570591186
1,0,0.22669190814264076
0,0,0.04387949022791912
0,1,0.7042607089619473
0,0,0.16002786637752656
1,1,0.7559315835666454
0,0,0.35926569013811854
0,1,0.5967651885151889
0,0,0.16723748398108135
1,1,0.5349914326091032
0,0,0.21589443213897444
0,0,0.05330389874704251
0,0,0.22810513394706916
1,1,0.5934151307642018
1,1,0.7381409766703884
0,0,0.039428247534673985
0,1,0.8148727281299522
0,0,0.05454140120535808
0,0,0.09065260997571196
1,0,0.30270143196395677
1,0,0.42619871751738203
0,1,0.5496741297967148
0,0,0.48575271974614065
0,0,0.09704031880594444
0,0,0.4557617492978746
1,1,0.6678378375580384
1,1,0.6501739656577566
0,0,0.13045765658529
0,1,0.5074762756608961
0,0,0.055786335530349555
0,0,0.14598488170746207
0,0,0.16261692405461767
0,1,0.5074132808339463
1,0,0.2034961262591981
0,1,0.5553847626462818
0,0,0.14564479769396577
0,0,0.3489767533091835
0,1,0.5204668278835326
0,0,0.09123989147433503
0,0,0.17863184957457412
0,0,0.07185926843264483
1,0,0.3734881044066662
1,1,0.7177137783383916
0,0,0.21109579137752524
0,0,0.2627133195911845
0,0,0.21568585870035606
0,0,0.2671339349123585
0,0,0.052094282754843325
0,0,0.18942190125549266
0,0,0.18102389981754638
0,0,0.14577837534860066
0,0,0.09141553133874142
0,0,0.0397271985414976
0,0,0.34281898007001654
0,1,0.6575252062895255
0,1,0.5390960671308966
0,0,0.0961332416997112
0,0,0.41233153171027265
0,0,0.14530860893108094
0,0,0.19452469408724568
0,0,0.15241380569610832
0,0,0.17648822588127078
0,0,0.28276487749306994
0,0,0.1637316043250957
0,0,0.38389333907406653
0,0,0.20019178100998297
1,0,0.23625613546224036
0,0,0.1389838208603688
0,0,0.16533500190040434
0,1,0.8667783808325602
1,1,0.5287095373666585
0,1,0.5376360354272587
0,0,0.06294585096467882
0,0,0.38235962892195235
0,0,0.07509404625784334
0,0,0.12751871874116594
0,0,0.4096702346737681
0,1,0.6344048435654469
0,0,0.3281844712414303
0,0,0.17397519606511222
0,1,0.5734483585835547
0,0,0.2537525096334963
0,0,0.49545822194474415
1,0,0.3133244714435891
0,1,0.5639915883330713
0,0,0.17568363944896206
1,0,0.3610471802449361
0,1,0.6374166361462432
0,0,0.046258713105630234
0,1,0.6290338300044183
0,0,0.4866536127271423
0,1,0.8178971331672572
0,0,0.41335083301855424
0,0,0.2341396688785739
0,0,0.27284821403009746
0,1,0.7502342262856968
0,0,0.2765945595941726
0,1,0.5791778691151752
0,0,0.1281090915357422
1,0,0.31327442430577096
0,0,0.17430385392226466
0,0,0.07993119012145788
1,1,0.552656280518587
0,0,0.4058967358131957
0,0,0.492856613156216
0,0,0.42253132744734917
0,0,0.17551561088356704
1,1,0.5354798116400287
0,0,0.024761694847989554
1,1,0.7286231780202366
0,0,0.3110118881036773
0,0,0.06699145832876828
0,0,0.11729085279820467
0,0,0.1008498310153607
0,0,0.14075696218382905
1,0,0.4026085518368803
0,0,0.3950880315218551
0,0,0.3102460269062437
0,0,0.06629710520536083
0,0,0.2707029296009476
0,0,0.2857851075939313
0,0,0.4781015324544737
0,0,0.09795627546284812
0,0,0.321620589670048
0,0,0.4404773208462468
0,0,0.04971347751348094
0,0,0.03243682839827596
0,0,0.271491483496709
1,0,0.25838074080575746
1,1,0.529194668285927
1,0,0.49440969626921627
0,1,0.6072140406892731
1,1,0.7747300774560837
0,0,0.20038804408610753
0,0,0.09722419689850377
0,0,0.282993079767259
0,0,0.2636314374586355
0,1,0.6631778340656216
0,0,0.4352305314318204
0,0,0.3852640144799588
0,0,0.03218132769948424
0,0,0.16735080333840466
1,1,0.7046215735588802
1,0,0.1699768285315575
0,0,0.25313251699281125
0,0,0.077373298840292
0,1,0.5479092106150932
1,0,0.34950910110516387
0,0,0.4670310602498312
0,1,0.5863494202735693
0,0,0.083981142355926
1,0,0.3792038098098636
0,0,0.11377326947638541
0,0,0.13238180106214156
0,0,0.09428917477946053
1,0,0.35285730445454805
0,1,0.6204663118958781
0,0,0.13626640994792472
0,0,0.3396778896484779
0,0,0.1956277971839307
0,0,0.03030732476398974
0,1,0.6904523576268932
1,1,0.7470272559684326
0,1,0.5877073499972106
0,0,0.18178364862362148
0,0,0.06002214860559994
0,0,0.41508974419424993
0,0,0.32083962853508374
0,0,0.30309968301106066
0,0,0.14832882605702666
0,0,0.09446401231281912
1,1,0.5518840104958928
0,0,0.24218913695809988
0,1,0.5422703363171633
0,0,0.2962473583271545
1,1,0.5839649710884236
0,0,0.33486137582461123
0,0,0.38684043457688944
0,0,0.09241378222914479
0,0,0.02827108950057651
0,0,0.08873703175909058
1,0,0.2697792427706588
0,0,0.08010779822270797
0,1,0.6048616511484161
1,0,0.4808032148151277
0,1,0.6084033103512004
0,0,0.06496752453370645
0,0,0.2721060198688259
0,0,0.23679417048379903
0,1,0.6261939902919006
0,0,0.17372638339061275
0,0,0.2104311980016316
1,1,0.848005423340563
0,0,0.10443972600563318
0,0,0.24468118190720142
0,1,0.5576103818925024
0,0,0.13700598023983598
0,0,0.09325596833922487
0,0,0.15893574662338147
0,0,0.09444802821669747
0,0,0.3163171054851631
0,0,0.3389244725862373
0,0,0.09591242988189783
0,0,0.06775992878806557
0,0,0.4934590792714363
0,0,0.11814075826238188
0,0,0.1919820704801725
0,0,0.39555577159911537
0,1,0.5528927360908782
0,0,0.0772867257888934
0,0,0.36905982413412775
0,0,0.22926766326409218
1,0,0.11548596907696383
0,0,0.22753591595936073
0,1,0.7331033496230862
0,0,0.15331485787393873
0,0,0.3266595249019418
0,0,0.18510790939083258
0,1,0.5724174168195066
1,1,0.6882683155537173
0,0,0.13534045890555338
0,0,0.2866559464890094
0,0,0.4930313112526736
0,0,0.15342401405428902
0,0,0.25295360918414994
0,0,0.05452604301224118
1,1,0.8024239367157322
0,0,0.12969197375477304
0,0,0.08256149473931756
0,1,0.6371660273850677
0,1,0.7023629507566612
0,0,0.47864393449687576
0,0,0.09308338899662423
0,0,0.0656420008016684
1,1,0.575077696941861
1,0,0.4118003572508217
0,0,0.2734386684207892
0,0,0.07505392252481424
0,0,0.1953768444250632
0,0,0.10693432561376043
1,1,0.8209133983497793
0,0,0.3174158264765852
1,0,0.3452258512184981
0,0,0.3179166657564851
0,0,0.05590472573406771
0,0,0.2560721829913009
0,0,0.41348967480729004
0,0,0.21280747645151815
0,0,0.1783872189145441
0,1,0.8521580369521548
0,0,0.37817657810885363
1,1,0.5040866687778456
0,0,0.40773089893136333
0,1,0.5003364173952408
0,0,0.48026645291159314
0,1,0.6304235279970578
0,0,0.09796848462162862
0,0,0.22373042283904623
0,1,0.5218528271269325
0,0,0.014969336686441952
1,1,0.5257398081153126
0,1,0.6309046394781682
0,1,0.529194668285927
0,0,0.2021682622795065
1,1,0.5229890884842621
0,0,0.03476957396562027
0,0,0.39939148727280116
1,0,0.13108705389017597
0,0,0.2434249174423268
0,0,0.062054035151316085
0,1,0.5066074426177449
0,0,0.067026558603498
0,0,0.44129809951830085
0,0,0.4344375081876088
0,0,0.034870894438541494
0,0,0.05268876544363311
0,0,0.12575477025574705
0,0,0.26474603194649654
0,0,0.14470274626906524
0,1,0.5984769502026466
0,0,0.2706489967004673
0,0,0.4515947429333651
0,0,0.19443301693146897
0,0,0.11650587102480554
0,0,0.4640931346631811
0,0,0.3511401375465324
0,0,0.1991511850865567
0,0,0.41159649347613714
1,0,0.4339004168273835
0,0,0.29166470932484995
1,1,0.7856779699662993
0,0,0.35489989271993927
0,0,0.3088667087814147
1,0,0.2198375779649774
0,1,0.5558474474728344
0,0,0.18532075791914554
0,0,0.1495491349908181
0,0,0.1863687404643287
0,1,0.55670521322951
0,0,0.038861888982802
1,1,0.5971020402941752
0,0,0.05496636237727659
1,0,0.4078211806102996
0,0,0.40924213667036424
0,1,0.5633449921108588
0,0,0.07493586673997879
0,0,0.284396865785402
0,0,0.2356560492884023
0,0,0.2871870535044386
0,1,0.5050841971066431
0,0,0.19525618110492057
0,0,0.37150914467942364
0,1,0.5173400382784286
0,0,0.23624550818020196
1,0,0.48997745139850385
0,0,0.10855558070323876
0,0,0.3849086118130238
0,0,0.10597951518941562
0,0,0.3369127801773515
0,0,0.10686966622937868
1,0,0.4552461825495713
0,0,0.3307456176141901
0,0,0.1456351759552225
0,0,0.13901086574976307
0,0,0.027137235127560208
0,0,0.42854436061015005
0,0,0.09063034263453437
1,0,0.2861468678797562
0,0,0.1523156491685828
0,0,0.45930031296246465
0,0,0.0418505524922831
0,0,0.05831289011326889
1,1,0.834110952335057
0,0,0.4536867883435221
0,0,0.03835007440172431
0,1,0.5553599527743758
0,1,0.6330988999390702
0,0,0.31034458087932937
0,0,0.47090651393545424
0,1,0.8015079129963031
0,0,0.17407619040082511
0,0,0.14445800706710704
0,0,0.46666005798581445
0,0,0.3427133063139259
1,0,0.10811735507168364
0,0,0.22655929543826545
0,0,0.3053577597439827
1,1,0.6742458047341945
0,0,0.11548203362435276
0,0,0.053913095773555485
1,1,0.5468843022445964
1,1,0.8042169617734632
1,0,0.059082157387108036
0,0,0.21076829961664953
0,0,0.33174305585403085
0,0,0.05581192258374723
0,1,0.9444150756650755
1,1,0.6056196437578015
0,0,0.0965453551330599
0,1,0.6413766865229709
1,0,0.12915750122537822
0,0,0.3027064896174804
0,0,0.23141601793420907
0,0,0.14018188990810312
1,1,0.7259665895823019
0,0,0.39983119053862093
0,0,0.39730951241855333
0,0,0.12230865104394516
0,0,0.23919336227742813
0,0,0.15105960689116468
0,0,0.27269213612537535
1,1,0.6875831774838672
1,0,0.360443839749553
0,0,0.34674345270885565
0,1,0.6524270376359654
0,0,0.36059252827782245
0,0,0.18519889984625568
0,0,0.34975637497464135
0,0,0.1517208349479788
0,0,0.40217266577330185
0,0,0.34669995087695993
1,1,0.53829535036114
0,1,0.5220278250980059
0,0,0.15920003201799665
1,1,0.5442840493880171
0,0,0.13107839884763295
0,1,0.5128061389446162
0,0,0.4622327101121862
0,1,0.5914903096273064
1,0,0.48399091445848874
0,0,0.3067730737782034
0,1,0.557547900040463
0,0,0.28392837295430196
0,0,0.15519817047139947
1,0,0.33431324825245023
0,0,0.2662782006402926
0,0,0.04574356317137706
0,0,0.3758277923842477
0,0,0.11901779937045454
0,0,0.027255540773196082
0,0,0.2056117113677712
0,0,0.03877264556439064
0,0,0.3439718666409844
1,0,0.37597997259878063
0,0,0.47701056284712107
0,1,0.8297332270126384
0,0,0.4664044513994203
0,0,0.48775422739866164
0,1,0.5551699927752556
0,0,0.307596572387594
0,0,0.22449882454038686
0,0,0.04483190185144514
0,0,0.15473013549431983
1,0,0.36247205833676427
1,0,0.15076907997212438
1,1,0.8177510124894025
0,0,0.41457708778037905
0,0,0.2512723952474259
0,0,0.32263663514656804
1,1,0.5294739908068082
0,0,0.03953658033936902
0,0,0.129516131435849
1,0,0.23733261168703346
1,1,0.7632006189831269
0,0,0.06377889314531564
0,0,0.35403984915813563
0,0,0.036209958471904787
0,0,0.07202625142477335
1,1,0.5736728389896549
0,0,0.043711368457642376
0,0,0.027490803443202823
1,0,0.2652522645654997
0,1,0.8860234967417627
0,0,0.02938670341347405
0,0,0.1634444550750418
0,0,0.1041846314003932
1,1,0.6190282483647355
0,0,0.2668779684497414
0,0,0.046410192895791895
0,1,0.5357920163657753
0,0,0.04853562454460976
0,1,0.5842742743051559
1,0,0.2097328533101606
0,0,0.11849756022093752
0,1,0.5182887479164573
1,1,0.571398656282944
0,0,0.2584392893556714
0,0,0.45730585701135246
0,0,0.17681295570254985
0,0,0.34595232454525443
1,1,0.6102446928847016
0,0,0.026805352002434387
0,0,0.08144612214159543
1,1,0.6983545246176823
0,0,0.07563971017821895
0,0,0.05572519416356426
1,1,0.7976871937974879
1,0,0.46713079588969675
1,0,0.45579128331669855
0,0,0.26172556199600494
0,1,0.5286499284792124
1,1,0.6984304669502038
0,0,0.18830839976194322
0,0,0.40497388729548184
0,1,0.5494484748461731
0,0,0.131201125790204
0,0,0.408869468584077
0,0,0.11910481739959576
0,0,0.17937465984831044
0,0,0.3387955442801392
0,0,0.08708100585951045
0,0,0.4123118026337841
0,0,0.1510059020688788
0,0,0.22417904017207418
0,0,0.3549126848403567
0,0,0.42317940296431994
0,0,0.4747127173079183
0,0,0.2452871254363212
0,0,0.31668300787420306
1,0,0.050499594787328496
0,1,0.5111551228232856
0,0,0.13525867843514378
0,0,0.17142433546604924
0,0,0.1081431558285879
0,1,0.5783729114023228
1,1,0.6662134385290767
0,0,0.055370449736146805
1,0,0.01494608061430095
0,0,0.018553682604867148
1,0,0.16923605367580713
0,0,0.07375229534357397
0,0,0.4330637992949267
0,0,0.1789322782679171
0,0,0.1925960585193011
0,0,0.4569204857731075
0,0,0.20202620007394928
0,0,0.4735296922862713
0,0,0.3052940062676516
0,0,0.07160583196118857
0,0,0.3569075066087451
0,0,0.2996388378081173
0,0,0.45611965124098325
0,0,0.12425838333827693
0,0,0.10264446819090779
0,0,0.08409092501015489
0,0,0.16490297573217164
0,0,0.15892894350152473
0,1,0.6071774464355734
0,0,0.03794725090767494
0,0,0.2603136966841098
0,0,0.07155083766355876
1,1,0.543797897092015
0,1,0.660124609852938
0,1,0.6053347988963816
0,0,0.35950528815147864
0,0,0.038584347085618774
0,0,0.0928293644041476
1,0,0.18593485587013275
0,1,0.6734322180227751
1,0,0.2995516867328015
0,1,0.5268491845462826
1,0,0.28783649398205535
0,0,0.21390834456030552
1,1,0.6437059984219431
0,0,0.10483553348082074
0,1,0.5128061389446162
0,0,0.09884222212902503
1,1,0.6753578853064146
0,0,0.1484911699630219
0,1,0.595993089073921
0,0,0.09372657451751275
0,0,0.2738844256226701
0,1,0.6287180439641572
0,0,0.09667557239327816
0,0,0.1520057186644648
1,0,0.3352523240608981
0,0,0.15658053879281617
0,1,0.6397469790558025
0,1,0.7207876850818025
1,1,0.7534894203233988
0,0,0.2710586373485022
0,1,0.6446540267065809
0,0,0.16874723769808916
1,1,0.6214902473009956
0,0,0.191675980844855
0,0,0.061493102050615873
0,1,0.8193054229052681
0,1,0.5128061389446162
0,0,0.29809796684796686
0,0,0.2905668159136333
0,0,0.19955769959103195
0,0,0.45614590535023997
0,0,0.41720074156536
0,0,0.4125197153967083
0,0,0.0503461518510538
0,0,0.33814560457697707
0,0,0.4245105795190937
0,0,0.15579050655902862
1,0,0.4408381917126164
0,0,0.24473555236458736
0,0,0.3902135394788873
0,0,0.1562187004699442
0,0,0.11160661548708395
0,0,0.20734867068324883
0,0,0.2695249906196789
1,0,0.39822285511651867
0,1,0.6447729952795744
0,0,0.30975382964988235
0,0,0.14575242191266358
1,0,0.13697082266869087
0,0,0.06886511049986145
0,0,0.19110583508712473
1,1,0.5253059536324239
0,0,0.2565000937744746
0,0,0.16000017632932778
1,0,0.11020900484674413
0,0,0.061665441202349784
0,0,0.14507453533766107
0,0,0.18110033445438045
0,0,0.36058472074880754
0,0,0.03119458149493249
0,0,0.0874613749317794
0,0,0.19767513904118905
0,0,0.09898482765807101
0,0,0.11740900683680824
0,1,0.6015511492080003
1,0,0.49744491215698605
0,0,0.24681976875282421
1,0,0.49047151065881756
0,0,0.05567625332938814
0,0,0.3723880514909925
0,0,0.13418733898769414
0,0,0.435314777981624
0,0,0.0694034699226651
1,0,0.22347487178645495
0,0,0.08657756511474471
0,0,0.24350576328482323
0,0,0.2634718758610568
0,0,0.16084659710304897
0,0,0.19873316180596548
0,1,0.5268491845462826
1,1,0.6166136902026996
0,0,0.4696278807392582
0,0,0.21491229250052787
0,0,0.18049180449180446
0,0,0.050048762877906064
0,0,0.15197055150901825
0,0,0.06799790336942038
0,0,0.15446877999862446
0,0,0.21811657670674697
0,1,0.6596082899871596
0,0,0.4029857041107042
0,0,0.26435530777465116
0,0,0.43880382517379407
0,1,0.6379116072546384
0,1,0.5608133435192257
0,0,0.2013617641674918
0,0,0.3199776907992623
0,0,0.21814376752356301
0,1,0.5128061389446162
0,0,0.18243883455658322
0,0,0.21877499439582598
1,0,0.382204247058394
0,0,0.18921876423090864
0,0,0.2043796886421134
0,0,0.06474944839422934
1,1,0.8424704592936013
0,1,0.5527822607570917
0,1,0.529339659079597
0,0,0.29840484769294146
0,0,0.4339161865396384
0,0,0.06095693717286263
0,0,0.41987400487506477
1,0,0.24583757684245333
1,1,0.5349914326091032
0,0,0.08856062318435583
0,0,0.050962462361195865
0,0,0.10376346270601425
0,0,0.25148324918078613
0,0,0.1964561781903113
0,0,0.1686835344641232
1,1,0.6351587010484068
0,1,0.5814332808574295
0,0,0.07702085961567386
0,0,0.2083136312476145
0,0,0.143902633742336
1,1,0.6027866178369274
0,0,0.044747061032632485
0,0,0.09043866393044309
0,0,0.15709248236853168
1,0,0.26445532725304427
0,0,0.4739608500804322
0,0,0.32987440250976124
0,0,0.2821032983521491
0,0,0.16626931506260156
0,0,0.3782877131296639
0,0,0.022661474414358042
1,1,0.6687486169661093
0,0,0.34301453541280097
0,0,0.3332674160491499
0,1,0.5349914326091032
1,1,0.5217616297894937
0,0,0.0648796284155094
0,0,0.26685860025426444
0,0,0.06786871439707162
0,0,0.053058267168561275
1,1,0.8398512616411222
0,0,0.07028999357206846
1,0,0.03305836791144439
0,0,0.32728186366048756
0,0,0.43285172103438363
0,0,0.4501345400958404
1,0,0.42919725386985447
0,1,0.7607500960368612
0,0,0.22794489695322157
0,0,0.07283617264923214
0,0,0.19862755867957016
1,0,0.31804271776943643
0,0,0.28858959632982023
0,0,0.11502634044620405
1,0,0.2120516608982634
0,0,0.3987176969962495
0,1,0.6017561157124917
0,0,0.06307521806824821
0,0,0.09963422122313861
0,1,0.6952108196957266
0,0,0.08740096133134655
0,0,0.07469726098044704
0,0,0.1447072688949625
1,1,0.5588227695793486
0,0,0.16547832158026204
0,0,0.44703274596347387
0,0,0.41651380790847653
0,0,0.01705583177258668
0,0,0.04223782941551221
0,0,0.11725011368045021
0,0,0.34703859995926567
0,0,0.371147172601507
1,0,0.45013461186789366
0,0,0.48134714362764924
0,0,0.23553203675245982
0,0,0.10000675603099411
0,0,0.029084993474832205
0,0,0.29178916504247276
0,0,0.36848252323871544
1,0,0.138517401834324
0,0,0.023190864820153145
0,1,0.529194668285927
1,0,0.4463187377637843
0,0,0.18019841160014757
0,0,0.39406905645953655
0,0,0.133166089448222
0,0,0.4417657852851389
0,0,0.11903208306959366
1,0,0.48091491569432737
0,0,0.3498322826504875
1,0,0.4367592449403595
0,0,0.38667790684547665
0,1,0.6265893463264213
0,0,0.4586746539622479
0,0,0.21161970819733314
0,0,0.15102831081883955
0,0,0.1961472247352967
0,0,0.24039677652943003
1,1,0.6854958698708697
0,0,0.06438952042741122
0,0,0.08398705862761861
0,0,0.06680448935595991
0,0,0.08649533851528741
0,0,0.3382834600183672
0,0,0.11113160136523945
0,0,0.2505789550761867
0,0,0.4455593424463397
0,0,0.24929018279742907
0,0,0.03648808415046326
1,1,0.8555968311587505
0,0,0.09265242649884438
1,0,0.403642238609344
1,0,0.3504903445111348
0,0,0.4069947082071697
1,1,0.7450308384426031
0,0,0.1696711604029364
1,1,0.5219467615860802
0,0,0.09194520277798991
0,1,0.6038768042529654
0,1,0.5889712122243081
0,0,0.3000037797456529
1,0,0.33776381042168313
1,1,0.6805386321147417
0,1,0.5586451496941697
0,0,0.18230529017024524
0,0,0.3780502896799337
0,1,0.7170300627878031
0,1,0.5023301563847228
0,0,0.10224050159445648
0,0,0.0665667818020759
0,1,0.6573875224076463
0,1,0.5395588153676385
0,0,0.25196557749183535
1,0,0.3899828005612408
0,0,0.15522676275262481
0,0,0.3162827663163579
0,0,0.3182707826983267
0,1,0.548085507363294
0,1,0.6987955470455467
0,0,0.23124681285633297
0,1,0.7242130762204794
1,0,0.42143702603725813
0,0,0.03023169875633852
0,0,0.34317180753829374
0,0,0.07825712253224233
0,0,0.17817863850926724
0,0,0.08618609928248179
0,0,0.20453196260261483
1,1,0.5550265285944718
0,0,0.1097757301930597
1,0,0.41024698843468205
0,0,0.23540208802270815
0,0,0.2628907682459154
1,0,0.319161292289552
0,0,0.2093864677541148
0,0,0.23046062546610316
1,1,0.7198370132619356
0,0,0.08102019947757894
0,0,0.03478354210141583
0,0,0.2742507055637861
0,0,0.10628755431744949
0,0,0.08503032094252558
1,1,0.6508746000731296
0,0,0.18641307431849619
0,0,0.036592101361645944
0,1,0.5082748094498786
0,1,0.7851185704417128
0,0,0.1835781958608887
0,0,0.03540592327093773
0,0,0.41722960913305834
0,0,0.09807097386059505
0,1,0.7061221664186065
0,0,0.12162013177855949
0,0,0.054955204521373986
0,0,0.19694600208373733
1,0,0.15222549952697811
0,1,0.5565494332808575
1,0,0.490116612690142
0,0,0.4686620307510401
1,0,0.48559311538994177
0,0,0.28034722788244315
1,0,0.44467327239037746
0,0,0.2236249590423436
0,0,0.070844124112269
1,0,0.2503760400306042
0,1,0.5268491845462826
0,0,0.03570212282499521
0,0,0.14724610949629263
0,0,0.03143991115117921
1,0,0.12407756603827186
0,0,0.15331485787393873
0,0,0.307336242342819
0,0,0.18249221776388969
0,0,0.05799999052141498
0,0,0.3986094078608009
0,0,0.08497871472691329
0,0,0.33652286891842464
1,1,0.9156352000396117
0,0,0.3931548223734756
0,0,0.39939148727280116
0,0,0.08252024274104577
0,0,0.3830537249414959
1,1,0.5989807370562017
0,0,0.10414367449906664
1,0,0.41633997914311566
1,1,0.5567547417752527
1,0,0.4631103617744483
0,0,0.00975196732857268
0,0,0.2438473613628129
0,0,0.24919325902078715
0,0,0.12020021451762687
0,1,0.5533925500740519
0,1,0.5633874587458177
0,0,0.2903288241587905
0,0,0.3148943806684777
0,0,0.1154338782962786
1,0,0.46055825662985134
1,1,0.5761196673696671
1,1,0.5730347684339812
0,0,0.35703372564827696
0,0,0.027167247522217088
0,1,0.6068652576783384
0,0,0.08415000462143661
0,0,0.4947877387347206
0,1,0.538450447016253
0,0,0.3812911251937111
1,1,0.6040773803366685
0,0,0.16896374613995874
0,0,0.13250665983473753
1,1,0.5459487614781738
0,0,0.047921721051681
1,0,0.488045267412163
0,0,0.49018725068597896
0,0,0.25551989543608444
0,1,0.6950570431174148
0,1,0.5189919921123484
0,0,0.08535045479799681
0,0,0.06954974327033382
0,0,0.02372094394251015
1,0,0.3630579892458453
1,0,0.44758057230580456
1,0,0.41592916343719555
0,1,0.6313199817096099
0,0,0.32898474252499027
0,1,0.7942061836182339
0,1,0.5268491845462826
0,0,0.14604438738148762
0,0,0.04669672528585354
0,0,0.02645027962975455
0,0,0.061582268905817174
0,0,0.4954531084193105
0,1,0.7803911387366768
0,0,0.1682690728367357
0,1,0.5163183586565941
0,1,0.6664720988935384
0,0,0.04195236716112151
1,0,0.4363603389204971
0,0,0.11260787468902983
0,0,0.08980549209006285
0,0,0.09400639308714713
0,0,0.09245681419033619
0,0,0.33193723364476296
0,0,0.05486633504320519
0,0,0.249391699838577
0,1,0.7864488743826977
0,0,0.1001148047906582
0,0,0.07941868307846618
0,0,0.31913151303747306
0,1,0.5291106537349471
0,0,0.13104595328840773
1,1,0.802565935039619
0,0,0.47081764389530123
0,0,0.4419506364254277
1,1,0.6818525711522363
1,0,0.29218072123954475
0,1,0.5425939687104545
0,0,0.07409250063661824
0,0,0.01730784407483495
0,0,0.28261787013752826
0,0,0.05679476370597855
1,0,0.38951981406393166
0,0,0.429907502169886
0,0,0.2133113067413072
0,0,0.23304861181002168
0,0,0.11015568846644698
0,0,0.3168215845322624
1,0,0.2217016917411992
0,1,0.6278265079290619
0,0,0.2870872487848564
0,0,0.30761912112854395
0,0,0.13727748887606178
0,1,0.676991263609685
0,0,0.1804475962088836
0,0,0.16350696116095234
1,0,0.49164301011166317
1,1,0.8605977807595451
0,0,0.22727298524585193
0,0,0.4712328608640529
0,1,0.5214470297417192
0,0,0.03361272124761514
0,0,0.11422231264573002
1,0,0.4771932546441059
1,0,0.2762422878124258
0,0,0.49195121926004265
0,0,0.12694062948257867
0,0,0.21819053583209655
0,0,0.4665792283652496
1,1,0.506244418596838
0,1,0.6326520408412825
0,0,0.22430009691604127
1,0,0.06944855190432025
0,0,0.26879605507971605
0,0,0.36132707379766227
0,0,0.15245938102507392
0,0,0.15598481177118953
0,1,0.6305180173856644
0,0,0.24517937591814687
0,0,0.056356311606813134
0,0,0.15265156840027408
0,0,0.3155832291686834
1,0,0.19143442091799076
0,0,0.10633158935289005
0,0,0.43907478380839515
0,0,0.3785085357121803
0,0,0.057329323322276506
0,0,0.3244989084279366
0,0,0.07413965509302815
1,1,0.7668146097681702
0,1,0.7207482288952876
0,1,0.5374641609871528
1,0,0.24737848486223102
0,0,0.4781961696913238
0,1,0.6879049633860007
0,0,0.23837547063359765
0,0,0.10132206937617382
0,0,0.21224943955452782
0,1,0.711242705551529
0,0,0.12165882447928962
0,0,0.059315654480688935
1,1,0.7641006190618185
0,0,0.4320540244785602
1,0,0.36700653091461927
1,0,0.46700395252397187
0,0,0.17435651385651393
0,1,0.8164254719165711
0,0,0.09721612492961502
0,1,0.6617976094969129
0,0,0.41512992541514204
0,1,0.6297921868722949
0,0,0.1759375085667562
0,0,0.04340800793231463
1,1,0.5143893543676823
0,0,0.05211192038801936
0,1,0.7960858043172283
0,0,0.40094031036329814
0,0,0.06295571588144998
0,0,0.08615980660455749
1,0,0.47127317090087983
0,0,0.06408214554536841
0,0,0.19785972773356686
1,0,0.11854130776719388
0,0,0.2191849898103347
0,1,0.5349914326091032
0,0,0.2507794767152353
1,1,0.7746447372536177
0,0,0.4005730348899669
0,1,0.5768063029734856
1,1,0.5111579488996368
0,0,0.13295526891432893
0,0,0.31903415308793187
0,0,0.3410188179312783
0,0,0.2774561721916984
0,0,0.3886000668416202
0,0,0.12499547112641156
0,0,0.09111503622601887
0,0,0.22946999791871056
0,0,0.030777126902370597
0,0,0.1016631929235382
0,0,0.11663631985837872
0,0,0.09970628181231266
0,0,0.15427892722745676
0,0,0.19517392403925368
0,0,0.2966947651305238
0,0,0.20701571517864104
1,1,0.5755362926833514
0,0,0.07365675137182637
0,0,0.148720667838076
0,0,0.09624579944094709
0,1,0.631765929876224
0,0,0.32691502000646355
0,0,0.4184622523732433
0,0,0.1886526919692647
0,0,0.38706824575206966
0,0,0.2066242079821926
0,0,0.43051186167254124
0,0,0.18339703618534883
0,1,0.6343660497282787
0,1,0.7576237264913736
0,0,0.34654893126023156
0,0,0.09654084221801855
0,0,0.18606548814575852
0,0,0.3204906430466702
0,0,0.05420929742108991
0,1,0.5073564883259155
0,1,0.6661063843563848
0,0,0.3206313479978341
1,1,0.6028166547791161
0,1,0.5349914326091032
0,1,0.7122924106194228
0,0,0.1451042472061075
0,0,0.08802476386471077
0,0,0.13901086574976307
0,0,0.09357142449706174
0,1,0.5648184655758184
0,1,0.5064067661849333
0,1,0.506806760285733
0,0,0.14249376124416108
0,0,0.21693631635740065
0,0,0.4710381701202137
1,0,0.48099021845887163
0,1,0.5686006645237934
0,0,0.43802888749250984
0,0,0.11533553470725903
0,0,0.10250125957571442
0,0,0.14963765169299226
0,0,0.2871471396198423
0,0,0.4500271007057384
0,0,0.061145030048342
0,0,0.4916063200645246
0,0,0.4144473787639568
0,0,0.21229674619733596
0,0,0.2951230947558347
0,0,0.0671946504195081
0,0,0.2818559013798952
0,0,0.1594925280152263
0,1,0.5057350033437493
0,0,0.07518005608994201
0,0,0.14144597537825096
1,0,0.23501699143099836
0,0,0.02573644842614818
1,1,0.6631507486464914
0,0,0.3221030351514097
0,1,0.652461771678232
0,1,0.6857597114501138
0,0,0.4359841253797877
1,0,0.13428548745571206
0,0,0.45467696392206175
0,0,0.2803780510351918
0,0,0.04586100609630019
0,0,0.07221262286459477
0,0,0.24919325902078715
1,1,0.8071072634365976
0,0,0.3500203373636878
0,0,0.1843767827085044
0,0,0.3190260684304803
1,0,0.16424171176321795
0,1,0.7196211759087144
0,0,0.4639463820636423
0,0,0.40311539706286653
0,0,0.18557717525984294
0,0,0.46426464463357053
0,0,0.17655230969643615
0,1,0.541453916448485
0,1,0.6136127497889107
1,1,0.5651952445702442
0,0,0.08617786625139565
0,0,0.17071552538958645
1,0,0.35862374035493233
0,0,0.25277526134569483
0,0,0.2099756030676504
0,0,0.399066706794076
0,0,0.0807317990972245
1,1,0.6399491881298386
0,0,0.055189981918903674
0,0,0.4221545907795908
0,1,0.6684902423284775
1,1,0.6517972937396478
0,0,0.03818319386793205
0,0,0.3787194732512073
1,0,0.33927392316233357
0,0,0.2902464966747701
0,0,0.40935576497805615
0,0,0.09417656085984584
0,0,0.41284572807366904
0,0,0.21152924078183502
0,0,0.1328646122043013
1,0,0.35660441676355004
0,0,0.2076511910345801
1,1,0.588827567656515
1,0,0.31634225279078215
1,0,0.37829770264929863
1,1,0.6027423107078685
0,0,0.4800685950043536
0,0,0.1462910739930864
0,0,0.1112364310317348
0,1,0.5844641449509095
0,0,0.48744648710709054
0,1,0.5747941269829814
0,0,0.15327777279480068
0,0,0.11300084307657339
0,0,0.459182877535112
0,1,0.5349914326091032
1,1,0.7953622894849677
1,1,0.890856278525396
0,0,0.15634203131749563
0,0,0.26426197699216286
0,0,0.48458096858135574
1,1,0.7242571647478764
1,0,0.47546173942729664
1,1,0.6902573645046224
0,0,0.3756060605353838
0,0,0.11253963930620688
1,0,0.48929158063618017
0,0,0.24159588263187332
1,0,0.3887044413131876
1,1,0.6959576093840798
0,0,0.284184011364739
1,1,0.7835342912448177
0,1,0.5268491845462826
0,0,0.19323366275107753
1,1,0.8981698271628605
0,0,0.24092642267352857
0,0,0.10272379110473259
1,1,0.5474867119372511
0,0,0.4318585991322061
0,0,0.11174262994362565
0,1,0.7686248152482168
0,0,0.407682355361361
0,0,0.023688222581798438
0,0,0.08623833982052631
0,0,0.2627171509118106
0,0,0.05116091217322633
0,0,0.046140289450067554
0,0,0.0703925686652955
0,0,0.46264444283213635
1,1,0.5306859326373345
1,0,0.3890263973499269
0,0,0.2474474352557518
1,0,0.4400638634836873
0,0,0.3536689158651234
0,0,0.17093680640851117
0,0,0.03538741683548972
0,0,0.1060168032431964
0,0,0.20831984625562583
1,1,0.5570168998241753
0,0,0.4067109597297936
0,0,0.3877166673598562
0,0,0.45258068298915227
0,0,0.2541160911814937
1,1,0.7204285112680252
0,0,0.3126092799572361
1,1,0.6075991348692585
0,0,0.1980781290244207
0,1,0.7670426456355247
0,0,0.1269337645395601
0,0,0.0647964209990106
0,1,0.7694098969485964
0,0,0.07797532759123636
0,0,0.39939148727280116
0,0,0.39939148727280116
0,1,0.6016989653220306
0,0,0.3000271050722502
0,0,0.10041149419704086
0,0,0.4395700449791007
0,1,0.5713564049326434
0,0,0.2949238695463962
0,0,0.046145195153781134
0,0,0.20336902104790536
0,0,0.11303026812205715
0,0,0.21553077050483574
1,1,0.8054442850178141
0,0,0.24302254797174166
0,0,0.34278836090025355
1,1,0.5210694595709303
0,0,0.03383420074800139
0,0,0.113128744667419
1,1,0.8091295240277443
1,0,0.2849007369765886
0,0,0.28454088437560204
1,1,0.8037327326669431
0,0,0.1637316043250957
0,0,0.4699984555921091
0,0,0.03144496453838558
0,0,0.2995541659733443
1,1,0.5122986888412585
1,0,0.46351802348427074
0,0,0.1301081012354818
0,0,0.0922136720499156
0,0,0.13877304420248177
0,0,0.17225251943905198
0,0,0.12905895889300106
0,0,0.18911200738253905
1,0,0.23856944302687338
0,0,0.49237704616953193
0,0,0.48548847656471517
0,0,0.4031976445896727
1,0,0.29227395030723213
0,0,0.26058689069215374
0,0,0.4242558612411555
0,0,0.29387082174642726
0,0,0.10120505529195349
1,1,0.8000362933277017
0,0,0.18950812577403725
0,0,0.1533108514080442
1,0,0.35904915590945
0,0,0.048273668520114374
0,0,0.060068682190792026
0,0,0.30565189215361716
0,1,0.9254224113662969
0,0,0.06662721871412056
0,0,0.32192088126784557
0,0,0.4936457898110375
0,0,0.05388555804158961
0,0,0.1672783982563902
0,0,0.1368903373100706
0,0,0.4011449208075941
0,1,0.7429742042654954
1,0,0.1775382933551186
1,1,0.6358555273110901
0,1,0.5218238339493582
0,0,0.018646511726167287
1,0,0.4680257657003015
0,0,0.24391916454145574
0,0,0.23349972565560806
0,0,0.15805922563275512
0,0,0.4340375185100418
0,0,0.040361819409807015
1,0,0.31314520599750484
0,0,0.3864020208322622
0,0,0.4069251312122982
1,1,0.6433177578498784
1,0,0.4723582673062812
0,1,0.5116595802288528
0,0,0.47756538369038365
0,0,0.18280742176952683
0,0,0.08161739038142811
0,0,0.16750045488854462
1,1,0.6690577302241391
0,0,0.3734524012107604
0,0,0.22818190432285765
1,1,0.7277415967818442
1,0,0.30854406348265456
0,0,0.1914215071420954
1,1,0.5208314757138285
0,0,0.019528224203622224
0,0,0.08225593202026336
0,0,0.22639687627219587
0,1,0.6832206938908016
0,0,0.15911365273431302
1,1,0.7637352100227488
1,1,0.5483824670198509
0,1,0.665748351321881
1,0,0.3312503245665011
0,0,0.16216377801598236
0,0,0.12501167162326032
0,0,0.18891880910340664
0,0,0.43130821983027867
0,0,0.07600011595425042
0,0,0.16426735670001708
0,0,0.23633698324863248
0,0,0.2659380825438557
0,0,0.4045766269321929
0,0,0.13528718595834738
1,1,0.5389500889927095
0,1,0.5056739649239649
0,0,0.29073274519598064
0,0,0.0763718229052061
1,1,0.5472682627829687
0,0,0.40045619009909295
0,0,0.3613895403496458
0,0,0.29388839352655155
0,0,0.06555997193766618
0,0,0.38623833052625595
0,0,0.08878144403556637
1,0,0.09713482616254242
0,0,0.15928153000587136
0,0,0.16620671271710993
0,0,0.17115861596835663
0,0,0.11491330110091717
1,0,0.24263339212269197
1,0,0.37651489120996356
1,1,0.6361291149224584
0,0,0.05774227588747176
0,0,0.029055154259563187
0,0,0.22153069539679454
0,0,0.0297317961676009
0,0,0.23994708668238093
0,0,0.4164870363840951
1,1,0.5385927176955747
0,0,0.2903971586692177
0,0,0.3620112970038493
0,0,0.03666736650255772
0,0,0.2582553631866073
0,1,0.6670960271811669
0,1,0.5575544949253899
0,0,0.05910061152380293
0,0,0.18489461137990554
0,1,0.5246975491828436
1,1,0.5150069018385581
1,0,0.4460005048410407
0,1,0.5592348207799986
1,0,0.10380571304334307
0,0,0.40925779765071735
1,1,0.514885173592604
0,0,0.21373967763337257
0,0,0.15195206201237346
1,0,0.34653058787617613
0,0,0.09941961809293491
1,0,0.43133125555389634
0,0,0.32391311003811024
0,0,0.18748493313416106
0,1,0.6542926339226648
0,0,0.3196348646705929
1,1,0.832038878605055
0,1,0.7172166333408593
0,0,0.4096825677754458
0,0,0.4094984803494864
1,1,0.7359973146192184
0,1,0.5024093129093128
0,0,0.18197329580633506
0,0,0.06568729921814874
0,0,0.17019477990751578
0,0,0.48486053679436036
0,0,0.47337605776576347
1,1,0.7517436645884787
0,0,0.19389571028096758
0,0,0.15248872803853117
0,0,0.07404263026132799
0,0,0.41904845045286393
0,0,0.2952068083452893
0,1,0.6901462387658207
1,1,0.8280260084629276
0,0,0.11672296141324058
1,0,0.3884638213094096
0,0,0.34274814793050107
0,0,0.19483453652735866
0,0,0.18519889984625568
0,0,0.10239195179988293
0,0,0.10199772117860355
0,1,0.6226152617399255
0,0,0.4277980040685151
0,1,0.5441119867547888
0,1,0.529194668285927
0,0,0.1887483890683332
0,0,0.2564439382421238
1,1,0.5271376590385879
0,1,0.6222078825886872
1,0,0.3900016565105577
0,1,0.7918672794976044
0,0,0.02768652149246743
0,0,0.27306435426286946
1,0,0.3942030737522998
0,1,0.610464586568689
0,1,0.7071771940220078
0,0,0.4152137611413928
0,0,0.10659314351602882
1,0,0.35530939287596486
0,0,0.1953205688370864
0,0,0.1291204990393811
0,0,0.40223706607692783
1,1,0.7323038582647717
0,0,0.10151368124978938
0,0,0.2966333322068616
0,0,0.14551043064387043
0,0,0.35003202209518486
0,1,0.6144900399881046
0,0,0.05033165434515998
1,1,0.5464126198448956
0,0,0.11676097326470561
0,0,0.08300101038838416
0,0,0.22464885816511213
0,0,0.13021367982931004
0,1,0.5227837990040002
