y_true,y_prob,y_pred_default_0.5,y_pred_optimized
0,0.11317795239646379,0,0
0,0.05858639858689474,0,0
0,0.2982124601770166,0,0
0,0.4081381378625961,0,0
1,0.5239159824809977,1,1
0,0.2133082951420884,0,0
0,0.5782950879052531,1,1
0,0.25341080634272556,0,0
1,0.6750773018935845,1,1
0,0.06697790305029395,0,0
0,0.13723198943798254,0,0
0,0.11249563075800022,0,0
1,0.8157129171482111,1,1
1,0.3868105308297292,0,0
0,0.5120395964298081,1,1
1,0.08219063825208,0,0
1,0.5976727261604599,1,1
1,0.3687075045100563,0,0
0,0.37764476903671945,0,0
0,0.3386697064688552,0,0
0,0.22531943639149538,0,0
1,0.5455142253687146,1,1
0,0.17346865435661832,0,0
0,0.03329589800178035,0,0
0,0.024319420092192786,0,0
0,0.0417951837736903,0,0
0,0.34936126462403544,0,0
0,0.36569194906114416,0,0
0,0.2350230278928199,0,0
0,0.16735395900803743,0,0
0,0.20673727390044924,0,0
0,0.27429900852867173,0,0
0,0.6910801408630355,1,1
0,0.2231823910094035,0,0
0,0.45715609191576695,0,1
0,0.6131404976602343,1,1
1,0.22256388219623516,0,0
0,0.282343662572378,0,0
1,0.6065734478799493,1,1
0,0.04902422606857205,0,0
0,0.45735473070960686,0,1
0,0.545103662949251,1,1
0,0.06184933990591047,0,0
0,0.11958202202281146,0,0
0,0.020261410109635596,0,0
0,0.756486353315301,1,1
0,0.06609964217247205,0,0
1,0.4690323487285561,0,1
0,0.7204342879342879,1,1
1,0.4476436006660467,0,1
0,0.5009130085718961,1,1
0,0.046968888506612905,0,0
0,0.32125252876869864,0,0
1,0.5255951020084144,1,1
0,0.10322781800836267,0,0
0,0.1408556593584891,0,0
0,0.4918435769042682,0,1
0,0.6309541229038133,1,1
0,0.03195150567062061,0,0
0,0.4338260197691312,0,0
0,0.4258038300992468,0,0
0,0.4081053484336887,0,0
0,0.19708551290460458,0,0
0,0.017722357162130706,0,0
0,0.5103513000597185,1,1
0,0.5519870434576313,1,1
0,0.34300073554756233,0,0
0,0.22869579612749244,0,0
0,0.4231187611980956,0,0
1,0.3743787691067104,0,0
1,0.4594428026537162,0,1
0,0.11510444244349166,0,0
1,0.7802224006929888,1,1
0,0.48438313774098085,0,1
0,0.04185769718812638,0,0
0,0.5850654258595438,1,1
0,0.7043880223806699,1,1
0,0.23096221573117867,0,0
0,0.44745743483669165,0,1
0,0.3863247038908806,0,0
0,0.1659627533945858,0,0
1,0.1578911139174843,0,0
0,0.875774178307073,1,1
0,0.4634401970578442,0,1
0,0.13370578007359613,0,0
0,0.47139809548323475,0,1
0,0.15039942074908094,0,0
0,0.40394518940014623,0,0
0,0.20530766557430652,0,0
0,0.20276199993576458,0,0
0,0.2698243296091594,0,0
1,0.45628518252473343,0,1
0,0.39793769594698414,0,0
0,0.33679768903840124,0,0
0,0.163423306824738,0,0
0,0.1321401693736833,0,0
0,0.13702851105954394,0,0
1,0.6727774972848503,1,1
0,0.3099017995249579,0,0
0,0.34838075703567384,0,0
0,0.1014179212535969,0,0
0,0.22336600442979826,0,0
0,0.3538421962024904,0,0
0,0.08129778748654856,0,0
0,0.197236856538344,0,0
1,0.36105879942759067,0,0
0,0.13068732500770117,0,0
1,0.41530742609070787,0,0
0,0.21915770210468358,0,0
0,0.016571240817241845,0,0
0,0.3862980641792563,0,0
0,0.24513717631247497,0,0
0,0.5068511816427207,1,1
0,0.2465198517398808,0,0
1,0.6121924932509301,1,1
0,0.0355601175271194,0,0
0,0.050903430707296554,0,0
0,0.21099401797954243,0,0
1,0.39138018159457777,0,0
1,0.5473543594205361,1,1
0,0.055142417837357745,0,0
0,0.28806244689242316,0,0
1,0.6135442577574932,1,1
0,0.3418809000489174,0,0
0,0.14546277094026092,0,0
0,0.07324796370025051,0,0
0,0.6210661952551173,1,1
0,0.5780078954830432,1,1
1,0.3927753462219069,0,0
1,0.5207175209700785,1,1
0,0.2874334536980749,0,0
0,0.04814270098401313,0,0
0,0.21481041637150028,0,0
0,0.3423863114010175,0,0
1,0.1313336481766789,0,0
0,0.32192088126784557,0,0
0,0.3160093709665693,0,0
0,0.39976389466998896,0,0
1,0.5311508151434626,1,1
0,0.19915431630495914,0,0
0,0.37016700831561505,0,0
1,0.13388738084041965,0,0
0,0.37556498397523097,0,0
0,0.17450265232764986,0,0
0,0.39629522956690144,0,0
1,0.5040984120796,1,1
0,0.25523211973570253,0,0
0,0.477705271093429,0,1
0,0.6868668284759616,1,1
0,0.2934988129775283,0,0
1,0.7954597779671306,1,1
0,0.39597516427862034,0,0
0,0.05847536921062646,0,0
1,0.42593785082020363,0,0
0,0.3087978851244953,0,0
0,0.2287801176225871,0,0
1,0.3366945617568134,0,0
1,0.32464058469050733,0,0
0,0.1600699509727347,0,0
1,0.5035865339272201,1,1
0,0.11018631847720796,0,0
0,0.5069752363442772,1,1
0,0.06580252080860217,0,0
0,0.2725965186676667,0,0
1,0.4935648191515734,0,1
0,0.2232140038648521,0,0
0,0.18760866815455682,0,0
0,0.7894271818938998,1,1
0,0.5925943038443039,1,1
0,0.2450151123472331,0,0
0,0.085230195068442,0,0
0,0.03441549262139158,0,0
1,0.7742858941167761,1,1
0,0.15650147321097196,0,0
1,0.5406772584321549,1,1
1,0.32423408899337713,0,0
0,0.062185141238405954,0,0
0,0.6654154774963601,1,1
0,0.32737922616599086,0,0
1,0.52954841391361,1,1
0,0.39406739175856836,0,0
0,0.04650408597537209,0,0
0,0.04652572368017488,0,0
0,0.12722593502923282,0,0
0,0.2539110628520012,0,0
0,0.018623238091382856,0,0
0,0.08197162939322222,0,0
0,0.635314409459214,1,1
0,0.5604104742007218,1,1
1,0.5610298149562857,1,1
0,0.04947399782842972,0,0
1,0.26257365203739874,0,0
1,0.5653126356453567,1,1
0,0.11690144687750556,0,0
0,0.3693179565588537,0,0
0,0.03883067416975342,0,0
0,0.10237845166894755,0,0
0,0.44090461608108666,0,1
0,0.15763073497600713,0,0
0,0.19629661564706688,0,0
0,0.6656413652280525,1,1
0,0.08194748432448024,0,0
0,0.28708912919392415,0,0
0,0.17650211103530292,0,0
1,0.40276346511918254,0,0
0,0.492641825852739,0,1
0,0.22729237177690492,0,0
0,0.3775471939126369,0,0
0,0.2407196419959199,0,0
0,0.13629577968600107,0,0
0,0.1324455631514455,0,0
1,0.3252731624750132,0,0
0,0.28412789707018216,0,0
0,0.04811226989961694,0,0
0,0.18414494771130363,0,0
0,0.7621490658177965,1,1
0,0.10321072612110495,0,0
0,0.21574846722105623,0,0
0,0.16622298955286471,0,0
0,0.6923851965601195,1,1
0,0.48596908942386496,0,1
0,0.29096435630646156,0,0
1,0.5142747439608895,1,1
0,0.8960276673361037,1,1
0,0.13566872712435737,0,0
0,0.13695307152694297,0,0
1,0.510793552480085,1,1
1,0.5322675211722864,1,1
0,0.5865112970677983,1,1
0,0.3209595494601604,0,0
0,0.5574483975690632,1,1
0,0.05766682919783243,0,0
0,0.13123965711051516,0,0
1,0.7817266342188943,1,1
0,0.36904387631632213,0,0
0,0.42705355192836597,0,0
0,0.09912569999373404,0,0
0,0.0433886943391072,0,0
1,0.11894287344619585,0,0
0,0.081926132871946,0,0
0,0.15603992012886048,0,0
0,0.36372850199909046,0,0
0,0.240524666147678,0,0
1,0.6688759362269424,1,1
0,0.7083560688967038,1,1
0,0.14705340174808984,0,0
0,0.04063933005753668,0,0
0,0.28969695117611866,0,0
0,0.1554149757381013,0,0
0,0.5306389217257937,1,1
0,0.024878930507308404,0,0
0,0.12900218855564638,0,0
0,0.23884205208276432,0,0
1,0.4704995239872692,0,1
0,0.48402343184850916,0,1
0,0.14788345908572947,0,0
0,0.1637462882843635,0,0
0,0.6043088814350428,1,1
0,0.14653099043474083,0,0
1,0.7476233189468484,1,1
0,0.18591933263272606,0,0
0,0.12541256792749822,0,0
0,0.5300187860614333,1,1
0,0.13776888470336848,0,0
0,0.46230119996040725,0,1
0,0.13490218278897953,0,0
0,0.8502017192903412,1,1
1,0.39939148727280116,0,0
0,0.08150116384617778,0,0
1,0.5763692775089836,1,1
0,0.3293188393271875,0,0
0,0.6864752756703225,1,1
1,0.1962279384706605,0,0
0,0.12196247314544172,0,0
0,0.294086353103381,0,0
0,0.13602460930295052,0,0
1,0.1505743618467599,0,0
0,0.04737376210604401,0,0
0,0.5395892861621494,1,1
1,0.4796994124726322,0,1
1,0.4217770889671047,0,0
0,0.054113746978233575,0,0
0,0.09738863503771658,0,0
0,0.08076813521076148,0,0
0,0.5355006443075325,1,1
0,0.008562658425694817,0,0
0,0.13563040333705975,0,0
0,0.337995325827395,0,0
1,0.3924067055808541,0,0
0,0.6511539165169193,1,1
0,0.29401415040136536,0,0
0,0.18813334504212592,0,0
0,0.20051818910105892,0,0
0,0.5750944713754311,1,1
0,0.2867059749014355,0,0
0,0.3736673552657486,0,0
0,0.46540877946636017,0,1
0,0.5241323393954972,1,1
0,0.24543862584965656,0,0
0,0.039680052095863824,0,0
1,0.4705420472630226,0,1
0,0.5374641609871527,1,1
0,0.07028726169198636,0,0
0,0.0057244874312543485,0,0
0,0.3957764908809801,0,0
0,0.2794446663235914,0,0
0,0.6152960348303231,1,1
0,0.24727102314393107,0,0
0,0.0783784391370788,0,0
1,0.24040003982707722,0,0
0,0.1123886037068415,0,0
1,0.5352898038829771,1,1
0,0.29281068745187366,0,0
0,0.42995579609268003,0,0
0,0.42793662492191903,0,0
0,0.3542023838877555,0,0
0,0.17007943331244688,0,0
0,0.5412731110135137,1,1
0,0.20290223861739848,0,0
1,0.9091987271987275,1,1
1,0.22298300261543033,0,0
0,0.2150631443188893,0,0
0,0.7731119391494274,1,1
0,0.6801213386286917,1,1
0,0.35297242188072914,0,0
0,0.13045765658529,0,0
0,0.43696900722829496,0,0
0,0.19301436892012858,0,0
0,0.595156589597766,1,1
1,0.5413810491352163,1,1
0,0.7224167083633029,1,1
0,0.604434302539566,1,1
0,0.15422260278149288,0,0
1,0.36679994328698967,0,0
0,0.752745971165837,1,1
0,0.40077220043744805,0,0
0,0.42695249399293533,0,0
0,0.31722650497936894,0,0
1,0.49250045348022176,0,1
0,0.19037977982056925,0,0
0,0.3444807194435045,0,0
1,0.4767322883944403,0,1
0,0.16972584228483073,0,0
0,0.20003891864069895,0,0
1,0.8616892251052468,1,1
0,0.033987550477317496,0,0
0,0.529194668285927,1,1
0,0.27971801644123956,0,0
0,0.6930666727063783,1,1
1,0.7898164155532578,1,1
1,0.6344962229033434,1,1
0,0.09241057153468178,0,0
0,0.05434392835938018,0,0
0,0.4598336045905703,0,1
1,0.7849224010423699,1,1
0,0.016104405764999847,0,0
0,0.35197252556811404,0,0
0,0.09997963666689154,0,0
1,0.4266678093635524,0,0
1,0.5988448391738033,1,1
0,0.7937559628910248,1,1
0,0.05180121535759678,0,0
0,0.2946714019821863,0,0
0,0.4491887009009098,0,1
0,0.2443522406195389,0,0
0,0.7095929596862259,1,1
0,0.4575693514575093,0,1
0,0.272444977872169,0,0
0,0.28237000900497977,0,0
1,0.6251732566252692,1,1
0,0.344861625666502,0,0
1,0.14082285056990937,0,0
0,0.3109853757353757,0,0
0,0.06490898813362883,0,0
0,0.08460989601684257,0,0
0,0.09037984677378642,0,0
0,0.10998865676806852,0,0
0,0.03929022348948505,0,0
0,0.17271852538299912,0,0
0,0.5642832319469316,1,1
0,0.38842177378864673,0,0
0,0.6764554854187207,1,1
0,0.09113189483983047,0,0
0,0.6404435510262391,1,1
0,0.20365672938574825,0,0
0,0.42473751154532896,0,0
0,0.03178061642081728,0,0
1,0.19984193979395232,0,0
0,0.011335681995225675,0,0
1,0.41809155775138757,0,0
1,0.6063568128351412,1,1
0,0.358442091124133,0,0
0,0.30488086838055894,0,0
1,0.6642295435833763,1,1
0,0.1073436106481815,0,0
0,0.2578801350785984,0,0
0,0.15043062803431545,0,0
1,0.7562934167873424,1,1
0,0.07642461234978884,0,0
0,0.20157476996880022,0,0
1,0.08644230673302467,0,0
1,0.23946388252801848,0,0
1,0.6200388663623961,1,1
0,0.1320472031384699,0,0
0,0.799322608792423,1,1
0,0.8002997474947939,1,1
0,0.12855457125401704,0,0
0,0.23732689724342615,0,0
0,0.8334355739576327,1,1
1,0.6557296620791199,1,1
0,0.08053923962839875,0,0
0,0.442722374575316,0,1
0,0.1491108058056529,0,0
1,0.45137158587313386,0,1
1,0.13462589531294453,0,0
0,0.04201006649460027,0,0
0,0.25306139088388424,0,0
0,0.22876454738391114,0,0
0,0.09304306740864425,0,0
1,0.8404437300172592,1,1
0,0.13409853533020613,0,0
0,0.32034266461732436,0,0
0,0.5015586155959814,1,1
1,0.741183520784914,1,1
1,0.32499405777763984,0,0
0,0.813927665471783,1,1
1,0.5305158134349313,1,1
0,0.6359586136594151,1,1
0,0.1152917572379546,0,0
0,0.22935344354280082,0,0
0,0.13518973308023638,0,0
0,0.6408249679133377,1,1
0,0.15758921642212434,0,0
0,0.15957353768975757,0,0
1,0.4698265845614074,0,1
1,0.1962346071255293,0,0
0,0.1741284039841091,0,0
0,0.18860396441917693,0,0
0,0.043009466299289326,0,0
0,0.42793517892782584,0,0
1,0.6027952072611682,1,1
0,0.2897580572572434,0,0
0,0.1097031850967924,0,0
1,0.6315851361998553,1,1
0,0.29629643068339834,0,0
0,0.043792216813206754,0,0
1,0.6807658839610723,1,1
1,0.4323803179391415,0,0
0,0.05591023548629894,0,0
0,0.2462652274196393,0,0
0,0.4048418540476018,0,0
0,0.5999957731658768,1,1
0,0.5079858352002314,1,1
1,0.6332844997852741,1,1
0,0.4566709876007393,0,1
0,0.09334840346330454,0,0
0,0.06419410005111717,0,0
0,0.34991103573069515,0,0
0,0.3335481507220638,0,0
0,0.5195581980761347,1,1
0,0.3298182194711607,0,0
0,0.09982052352629758,0,0
0,0.16784614110260287,0,0
0,0.18553555433268645,0,0
1,0.4783039202741988,0,1
0,0.09622610261923986,0,0
0,0.2622860357302486,0,0
0,0.5119804702005939,1,1
0,0.04666619603347442,0,0
0,0.07917190971349954,0,0
1,0.5336063423647789,1,1
0,0.2356760351235042,0,0
0,0.35233314163190327,0,0
0,0.021523619929354386,0,0
0,0.5176364586960056,1,1
0,0.5886432195716419,1,1
0,0.14763908931052902,0,0
0,0.15642375564870925,0,0
0,0.4528497237340115,0,1
0,0.6928775082273536,1,1
0,0.3271790200683392,0,0
0,0.3518994935519703,0,0
0,0.04498181598110317,0,0
0,0.529194668285927,1,1
0,0.1104698949303692,0,0
0,0.2711352756386298,0,0
0,0.6671264973082569,1,1
0,0.12145706852518001,0,0
1,0.481721578516083,0,1
0,0.5199040188770064,1,1
1,0.299329614794129,0,0
0,0.5505168395416072,1,1
1,0.7027655138692288,1,1
1,0.5622570148433147,1,1
0,0.3546453630932296,0,0
0,0.3754672131675257,0,0
0,0.4139847756147224,0,0
0,0.11348113332041943,0,0
0,0.5624439478650002,1,1
0,0.7354868370506915,1,1
0,0.14550459738675045,0,0
0,0.4235523762013702,0,0
0,0.060162384624682055,0,0
0,0.3554336252891004,0,0
1,0.3012686368522755,0,0
0,0.30640461152767673,0,0
0,0.41538868531709117,0,0
1,0.5776469647054011,1,1
0,0.40236249947997577,0,0
0,0.5942958857591212,1,1
0,0.06417249478365847,0,0
0,0.19184788562093197,0,0
0,0.0717816883447962,0,0
1,0.45131236628170956,0,1
1,0.5858375695655106,1,1
0,0.269505872842723,0,0
0,0.1849588432606559,0,0
0,0.2668528480084461,0,0
0,0.24273740792156792,0,0
0,0.030032301440078388,0,0
0,0.16740620706194934,0,0
0,0.16746525315642954,0,0
0,0.3834036016424662,0,0
0,0.5158524949995539,1,1
0,0.254587639280041,0,0
0,0.14776514767174934,0,0
0,0.29394807556356667,0,0
0,0.4468551672206436,0,1
0,0.0986094550020149,0,0
0,0.1511141982324094,0,0
0,0.14737569674334378,0,0
0,0.08662690493681703,0,0
1,0.6018404786027338,1,1
0,0.0422821483487334,0,0
0,0.24427000894915565,0,0
1,0.7501126671316298,1,1
0,0.3708811574457373,0,0
1,0.8377413308450127,1,1
1,0.12501714466087,0,0
0,0.03319587607804692,0,0
0,0.06426545702529131,0,0
0,0.3951365630442254,0,0
0,0.31323196683490817,0,0
0,0.6663097632968579,1,1
0,0.13782843722546942,0,0
0,0.04965864620081299,0,0
0,0.47963524683377673,0,1
0,0.4440916508995657,0,1
1,0.17915207742752748,0,0
1,0.7162889459736108,1,1
0,0.3483990190093135,0,0
0,0.7126164611532256,1,1
0,0.09400523542617027,0,0
0,0.10071533942221879,0,0
1,0.374842694797006,0,0
0,0.1531670815341686,0,0
1,0.3863560330380309,0,0
0,0.26056212977768706,0,0
0,0.11465554958595689,0,0
0,0.11536282138627342,0,0
1,0.4774446076792793,0,1
0,0.1515128301184518,0,0
0,0.09625104901650318,0,0
0,0.1176727059988175,0,0
0,0.23756265466559606,0,0
0,0.1958595903262315,0,0
1,0.2413121648366436,0,0
0,0.07402306734295705,0,0
1,0.4514488191776117,0,1
0,0.08894283643915993,0,0
0,0.45277699653860654,0,1
0,0.458497823870889,0,1
0,0.13036291241438297,0,0
0,0.5055509252672565,1,1
0,0.10259785872481583,0,0
1,0.773155918112961,1,1
0,0.09982052352629758,0,0
1,0.5150744470241372,1,1
0,0.18220034450413727,0,0
1,0.48943580938898285,0,1
1,0.43511890613399895,0,0
0,0.10727160993743437,0,0
0,0.03132378080368689,0,0
1,0.5227226656269998,1,1
1,0.45770505278748297,0,1
1,0.39939148727280116,0,0
0,0.4867667883658593,0,1
0,0.20061649779529034,0,0
0,0.07673692575673748,0,0
0,0.077475408300519,0,0
0,0.5504874820387665,1,1
0,0.15124263105402894,0,0
0,0.4294915575179895,0,0
0,0.305190202601727,0,0
1,0.5822929334703125,1,1
1,0.2736536185218956,0,0
0,0.5345832292406595,1,1
0,0.09271605377107014,0,0
0,0.21277019220022553,0,0
0,0.5726390731955413,1,1
0,0.026114783477082543,0,0
0,0.28722326969269724,0,0
0,0.06301464571893581,0,0
1,0.6525182258974828,1,1
0,0.18519889984625568,0,0
0,0.46548009372235377,0,1
0,0.3756040439029571,0,0
0,0.07988399445347125,0,0
0,0.1878423788423425,0,0
0,0.029924510737831714,0,0
0,0.04374243642287039,0,0
0,0.4729666507955978,0,1
0,0.11280785273358598,0,0
0,0.3413939318162743,0,0
1,0.8182137418681533,1,1
0,0.24919325902078715,0,0
0,0.3016000908760003,0,0
0,0.27379495429543005,0,0
0,0.07294892576806714,0,0
0,0.29651170924666687,0,0
0,0.5348869861791691,1,1
0,0.14281884133238623,0,0
1,0.3193163096220374,0,0
0,0.06521687433376765,0,0
0,0.2794701402971528,0,0
1,0.3459293561796768,0,0
0,0.2596585762193518,0,0
0,0.09275408037543428,0,0
0,0.4964751350157702,0,1
0,0.08887888467233329,0,0
1,0.41665289871043243,0,0
0,0.5587706726691062,1,1
0,0.5379255458307313,1,1
0,0.08042309784298944,0,0
0,0.10231022980287682,0,0
0,0.5136711590496417,1,1
0,0.32085570465171176,0,0
0,0.24275143675894967,0,0
0,0.3188255284728635,0,0
0,0.3592822956483948,0,0
0,0.2634337250138038,0,0
1,0.17476884146095858,0,0
0,0.10620201330177405,0,0
0,0.17178702490021308,0,0
1,0.5553653482740168,1,1
0,0.06070907180166729,0,0
0,0.040207180432799625,0,0
0,0.2416270774768638,0,0
1,0.5697038617700386,1,1
0,0.11827380498464235,0,0
0,0.021651571312285595,0,0
1,0.4341331038070974,0,0
0,0.21931731669983903,0,0
0,0.03819954394476169,0,0
0,0.13531411943176658,0,0
0,0.05566849946329445,0,0
1,0.08225086979520249,0,0
0,0.06142612242670211,0,0
0,0.1600446630085535,0,0
0,0.3060655062333957,0,0
0,0.04470576731872167,0,0
0,0.10067363712960864,0,0
0,0.34209742398983906,0,0
0,0.1671615147433418,0,0
1,0.42272465732731257,0,0
0,0.10889696163296449,0,0
0,0.2369504380429801,0,0
0,0.49849865125987425,0,1
0,0.30775641892834665,0,0
0,0.22474561662182826,0,0
0,0.4958960229465905,0,1
1,0.7787659699405055,1,1
0,0.3323480775044242,0,0
0,0.07469160459137236,0,0
0,0.2048412151573919,0,0
0,0.039770104841186364,0,0
1,0.31792210323789283,0,0
0,0.2882790543891153,0,0
0,0.11336818972000565,0,0
0,0.1654710392366677,0,0
0,0.13013963280234125,0,0
0,0.3853767172135493,0,0
0,0.2647609874359103,0,0
0,0.4900026770343617,0,1
0,0.3860832796527655,0,0
1,0.8796115077303154,1,1
0,0.21917705855356553,0,0
0,0.45791913641913634,0,1
1,0.3632050972333479,0,0
1,0.07582771556624388,0,0
0,0.4275711806396792,0,0
0,0.8039564860950315,1,1
0,0.14807645456656235,0,0
0,0.08493941925038995,0,0
0,0.20628812024179366,0,0
0,0.10388657120906639,0,0
0,0.020380656414151484,0,0
0,0.7368701993311125,1,1
0,0.6765719205688246,1,1
0,0.565617698568679,1,1
0,0.08609768481814403,0,0
1,0.15781629405324563,0,0
1,0.5020415098031198,1,1
1,0.5697498076628106,1,1
1,0.5657971147415729,1,1
0,0.12551482313982318,0,0
0,0.6580761203880402,1,1
0,0.4978478418869289,0,1
0,0.5483929445081924,1,1
0,0.4943309887498369,0,1
0,0.4008286813948583,0,0
0,0.18642635969047036,0,0
0,0.4771292514674867,0,1
0,0.2704084622797071,0,0
0,0.1646645505478763,0,0
0,0.4212499822445644,0,0
0,0.4086671627592679,0,0
0,0.17458674161441343,0,0
0,0.30820451976936947,0,0
1,0.45551999526836323,0,1
1,0.44052029512168833,0,1
0,0.16914540961945246,0,0
0,0.2981540458067096,0,0
0,0.1958597494553377,0,0
0,0.4848282980635926,0,1
0,0.0930485118181323,0,0
1,0.23052160962760757,0,0
0,0.2657931526534469,0,0
0,0.07295033480347077,0,0
0,0.5543853896648016,1,1
0,0.15434589435614443,0,0
0,0.08864656325566224,0,0
0,0.07025278571474888,0,0
1,0.2625699667454054,0,0
0,0.09083602331346576,0,0
0,0.38342830162887365,0,0
0,0.26954055013613837,0,0
0,0.6304714225977014,1,1
0,0.5050426483847538,1,1
1,0.22909424899388217,0,0
1,0.5075256839966591,1,1
0,0.2861900958089039,0,0
0,0.04088510770914125,0,0
0,0.08985024538165803,0,0
0,0.08326298544188844,0,0
0,0.028458211427812737,0,0
1,0.534388223737396,1,1
0,0.66944860651904,1,1
0,0.12530836024787761,0,0
0,0.39030194003336427,0,0
1,0.6290533571076377,1,1
0,0.7252815093023565,1,1
0,0.04883487004747072,0,0
0,0.761031891039244,1,1
0,0.6449739197962715,1,1
0,0.6262701569872624,1,1
0,0.4084834238831917,0,0
1,0.27021651434733684,0,0
0,0.549872711746606,1,1
0,0.24530120164588684,0,0
0,0.03461175071883931,0,0
0,0.20780578245284134,0,0
0,0.1852330354575386,0,0
0,0.5354136628049165,1,1
1,0.4792186487462964,0,1
0,0.04291943171577633,0,0
0,0.2342945566056962,0,0
0,0.48946568762525916,0,1
0,0.4567993595889113,0,1
0,0.10014677047021384,0,0
0,0.15245938102507392,0,0
0,0.40391385576641003,0,0
1,0.5738132623167451,1,1
0,0.7132006033643199,1,1
0,0.5273655279618896,1,1
0,0.1779127138173244,0,0
0,0.33645020780160123,0,0
0,0.04836967734809291,0,0
0,0.030975275638460906,0,0
0,0.3049701215782672,0,0
0,0.12734448007573324,0,0
0,0.04171536653229481,0,0
0,0.6356933159825375,1,1
0,0.09424555761059086,0,0
0,0.08036592532671329,0,0
0,0.25949954849546497,0,0
0,0.09269511073122351,0,0
0,0.18433962421245367,0,0
1,0.688590902020485,1,1
0,0.24683749225777102,0,0
0,0.03597691352634144,0,0
0,0.13079611310863393,0,0
0,0.2765106963410598,0,0
1,0.4322997567848598,0,0
0,0.034017217788124825,0,0
0,0.17655134680216591,0,0
1,0.6516977880507296,1,1
0,0.20200222479819652,0,0
0,0.05123222690680763,0,0
0,0.1837540612916921,0,0
0,0.028926834603305192,0,0
0,0.09819353279661572,0,0
0,0.5123809828515711,1,1
1,0.10533942549606436,0,0
0,0.07574545435711853,0,0
0,0.13820139350042457,0,0
1,0.8497441493691495,1,1
0,0.35804115051572444,0,0
0,0.3137959878911175,0,0
0,0.14690253250934363,0,0
0,0.17082174546547998,0,0
0,0.32691502000646355,0,0
0,0.16800887428178213,0,0
0,0.18655087537726447,0,0
1,0.5489351107269063,1,1
1,0.7061040696452261,1,1
0,0.3879684303055047,0,0
0,0.015824319945287685,0,0
1,0.38888766097367883,0,0
0,0.6784625669165146,1,1
0,0.20388117836216946,0,0
0,0.47707489769857897,0,1
0,0.5636500004982978,1,1
0,0.0710276374315338,0,0
0,0.3545470365347303,0,0
0,0.349073521836897,0,0
0,0.5605062236095519,1,1
0,0.09983279883607112,0,0
0,0.19337562732697225,0,0
0,0.4717600671459029,0,1
0,0.14702404692245188,0,0
0,0.11587315808555661,0,0
0,0.35290098558178795,0,0
0,0.13534835009331914,0,0
0,0.01997812870807295,0,0
0,0.5712389389935827,1,1
0,0.019888186874755725,0,0
1,0.52512156028526,1,1
0,0.05012632683220918,0,0
0,0.22087496806885354,0,0
0,0.19306558292666787,0,0
0,0.029612716437238767,0,0
0,0.8019249427043542,1,1
0,0.49698158829474615,0,1
0,0.18164599923650843,0,0
0,0.06158095390448332,0,0
0,0.3298439722185853,0,0
0,0.34501586430998205,0,0
0,0.3451742649130084,0,0
0,0.5311271976217795,1,1
0,0.25057877758797564,0,0
0,0.5240588670725634,1,1
0,0.27071756517307866,0,0
0,0.2121783423004012,0,0
1,0.5636243706986741,1,1
0,0.05755565475385422,0,0
0,0.3522090970748093,0,0
1,0.03732754087503128,0,0
0,0.027123898364552423,0,0
1,0.06952421326655286,0,0
0,0.08000309092719746,0,0
0,0.09152718110445054,0,0
0,0.784099112259716,1,1
0,0.6979606722683347,1,1
0,0.2714120916655315,0,0
0,0.8587533056478359,1,1
0,0.13381257590367784,0,0
1,0.3512277493206735,0,0
0,0.2197486549414193,0,0
0,0.11087163406368582,0,0
0,0.4967437205753771,0,1
1,0.3773725875088105,0,0
0,0.20999680612924781,0,0
1,0.4539651877800686,0,1
1,0.3276106121262022,0,0
0,0.6792939047966136,1,1
0,0.3824344196968034,0,0
0,0.26242886859634706,0,0
0,0.24161226998706983,0,0
0,0.41734432448842207,0,0
0,0.1070510455923357,0,0
0,0.09055997857528275,0,0
1,0.7303813513914132,1,1
0,0.2360970507528022,0,0
0,0.4208650108061873,0,0
0,0.28944634833599614,0,0
0,0.6025156708616463,1,1
0,0.5806809963628846,1,1
1,0.3443757836474944,0,0
0,0.3316134032519482,0,0
0,0.18344529441433471,0,0
0,0.4036744157283101,0,0
0,0.2515816556995352,0,0
0,0.30651920702849494,0,0
0,0.07713523387500737,0,0
0,0.693011704440497,1,1
0,0.09559091230195324,0,0
0,0.31123142466405745,0,0
0,0.14866183158200366,0,0
0,0.029172697884424555,0,0
0,0.5545512212283312,1,1
0,0.1254363769953743,0,0
0,0.17268386821576756,0,0
1,0.5000517842131579,1,1
1,0.21742936533875826,0,0
0,0.11506523470829516,0,0
0,0.5491875451403317,1,1
0,0.19634104780847714,0,0
0,0.7039220065087441,1,1
1,0.6226859678013401,1,1
0,0.32192088126784557,0,0
0,0.13877001990141377,0,0
1,0.3965426107248021,0,0
1,0.3753799962793773,0,0
0,0.3276106005113383,0,0
0,0.16828584697539925,0,0
0,0.5601124846577965,1,1
0,0.10288442568735794,0,0
0,0.2036710183610322,0,0
0,0.20992506410381404,0,0
0,0.21222907539084007,0,0
0,0.3417830775319168,0,0
0,0.2772315652147905,0,0
0,0.2027694796648761,0,0
0,0.7844488056949358,1,1
0,0.48474566784551276,0,1
1,0.4022966075462208,0,0
0,0.5268491845462825,1,1
0,0.2349325643284432,0,0
0,0.486503246528502,0,1
1,0.5213797725023663,1,1
0,0.18823851447782727,0,0
1,0.44645495401093976,0,1
0,0.41121627677485056,0,0
0,0.08160989175268185,0,0
0,0.13303520852785555,0,0
0,0.062081163819060876,0,0
0,0.05916907686623154,0,0
0,0.8036970329817336,1,1
1,0.6177684060435609,1,1
0,0.22146763039435285,0,0
0,0.03721853076735735,0,0
0,0.1973364957196227,0,0
0,0.2762487623749984,0,0
0,0.10346604784104783,0,0
0,0.42025726947630965,0,0
0,0.2839637803287185,0,0
1,0.5132176627695201,1,1
0,0.5127830227143955,1,1
1,0.23642866173787236,0,0
0,0.5801617109240945,1,1
0,0.1629578884533798,0,0
0,0.061914266788286744,0,0
0,0.2756678308982231,0,0
0,0.06916227973666052,0,0
0,0.364315771374595,0,0
0,0.2726288433693336,0,0
1,0.5591306451600702,1,1
0,0.05437537446717643,0,0
1,0.298931191824972,0,0
0,0.266798857789957,0,0
0,0.5212205008900054,1,1
0,0.45535994621133935,0,1
0,0.23462098309725657,0,0
1,0.4620641078664532,0,1
0,0.3063732277927323,0,0
0,0.11728390123494237,0,0
0,0.12409074693090133,0,0
0,0.7192276035081767,1,1
0,0.03147399856223385,0,0
0,0.4854545510576792,0,1
1,0.8086371463217438,1,1
0,0.11658246664355607,0,0
0,0.18519889984625568,0,0
0,0.3785274091153755,0,0
0,0.057409311094119515,0,0
0,0.07917122295489167,0,0
1,0.5072696873559875,1,1
1,0.8110804754384476,1,1
0,0.16972584228483073,0,0
0,0.16238341080025126,0,0
1,0.6906188750906241,1,1
0,0.07478872794247768,0,0
1,0.4996491339996243,0,1
0,0.038340471256661735,0,0
1,0.14035855372223266,0,0
0,0.02830911742061535,0,0
1,0.49782761343216975,0,1
0,0.11965593821075794,0,0
0,0.8460590766446026,1,1
0,0.5746127574926032,1,1
0,0.47623269072688584,0,1
1,0.7464472152231441,1,1
0,0.023799894963412015,0,0
0,0.5916749304473763,1,1
0,0.09462558241846851,0,0
0,0.5349914326091031,1,1
0,0.2638457980529146,0,0
0,0.028010577284547443,0,0
1,0.5268491845462825,1,1
0,0.4561847890528231,0,1
0,0.09101511185888675,0,0
0,0.5349914326091031,1,1
0,0.09527252796318843,0,0
0,0.24122871342337276,0,0
0,0.5374641609871527,1,1
0,0.18460435734779762,0,0
0,0.3862310956587276,0,0
0,0.09494393666168378,0,0
0,0.07802885122776762,0,0
0,0.29947709659764615,0,0
0,0.3500447181441072,0,0
0,0.4652979662809387,0,1
0,0.2298034798534799,0,0
0,0.05076364770150048,0,0
0,0.11020315035969645,0,0
0,0.6281203126938423,1,1
0,0.053992044143413256,0,0
0,0.025563767741791348,0,0
1,0.5432793196082671,1,1
1,0.590713811521087,1,1
0,0.07692582774705688,0,0
0,0.4395218325693492,0,0
1,0.43404773178612194,0,0
1,0.5117756116289395,1,1
0,0.020382042956125217,0,0
0,0.17116625968057858,0,0
0,0.7755275285716465,1,1
0,0.03534365493700407,0,0
0,0.30576247644397836,0,0
1,0.8762639789404499,1,1
0,0.49707307616131186,0,1
0,0.35171977447891767,0,0
1,0.1871048473508277,0,0
0,0.11965540065265515,0,0
0,0.4346972426141963,0,0
0,0.293087544370645,0,0
0,0.049825617178998464,0,0
0,0.1977482378053952,0,0
0,0.21920781710012358,0,0
0,0.07261222393648081,0,0
0,0.3559672848937556,0,0
0,0.5906844825138168,1,1
0,0.48799151172322186,0,1
0,0.17007385567804845,0,0
0,0.2733761958062767,0,0
0,0.3842174924411651,0,0
0,0.3964975139397293,0,0
1,0.625924341233242,1,1
1,0.3512270901613007,0,0
1,0.5900786618925162,1,1
1,0.35161434454778107,0,0
0,0.6660138758443712,1,1
0,0.03625186904177766,0,0
0,0.04511016828327503,0,0
0,0.34262839396789,0,0
0,0.03281589271635229,0,0
0,0.05311495829596794,0,0
0,0.20333594830038143,0,0
0,0.09823620180565056,0,0
0,0.027067275859347147,0,0
0,0.1853659189351374,0,0
0,0.1388583369496588,0,0
0,0.5432125136869383,1,1
0,0.2769207209629037,0,0
0,0.11180000468040961,0,0
1,0.5764001206195477,1,1
0,0.09982052352629758,0,0
0,0.17996886403041512,0,0
0,0.1135523888311015,0,0
0,0.12232911216463845,0,0
0,0.20938096218939878,0,0
0,0.1597203180806123,0,0
0,0.6043713631712856,1,1
0,0.6046469758455054,1,1
0,0.8413747964997962,1,1
0,0.05610869505138503,0,0
0,0.3706216515741102,0,0
1,0.5260626938421055,1,1
1,0.8079506114227474,1,1
0,0.126908020737557,0,0
0,0.21709353897137754,0,0
0,0.04970694695429442,0,0
0,0.42561494206914463,0,0
0,0.07569796665455014,0,0
1,0.5039164092321482,1,1
0,0.049953243924135936,0,0
0,0.4692928823698949,0,1
0,0.08660321609472725,0,0
0,0.1092463239362773,0,0
0,0.15382291239850077,0,0
1,0.5647678972214576,1,1
1,0.7973607448193363,1,1
1,0.7885410065224309,1,1
0,0.16439886104781531,0,0
0,0.16407992069181584,0,0
1,0.6890216327073916,1,1
0,0.42449982756608173,0,0
0,0.09802883766958673,0,0
0,0.2865898329139041,0,0
0,0.0789310589201433,0,0
0,0.10426376546210286,0,0
0,0.4499112724149488,0,1
0,0.18644906011960874,0,0
0,0.18796184073741648,0,0
0,0.4152120145219992,0,0
0,0.5116503625516787,1,1
1,0.8249547231713905,1,1
1,0.3904469498329202,0,0
0,0.1136647156602312,0,0
0,0.12122043084912666,0,0
0,0.17249008870831647,0,0
0,0.5128061389446162,1,1
0,0.572293171530694,1,1
0,0.29074962880036154,0,0
1,0.9577880795674918,1,1
0,0.025935679908434574,0,0
0,0.1283287419060592,0,0
0,0.6001144137367052,1,1
0,0.2551655778616982,0,0
0,0.09344001148813535,0,0
0,0.4393872445923528,0,0
0,0.2597990259415115,0,0
0,0.1263541715120553,0,0
0,0.49480621605299113,0,1
0,0.24587969034829882,0,0
0,0.13880969940048954,0,0
0,0.11513638196455533,0,0
0,0.09022342199022641,0,0
0,0.3634348923636851,0,0
0,0.24965481068736972,0,0
0,0.33076571739807037,0,0
0,0.17581261943833304,0,0
0,0.5102750191676529,1,1
0,0.04304433716931873,0,0
1,0.19821522971726185,0,0
0,0.6122500853835994,1,1
1,0.3280999040861572,0,0
0,0.18911573388672798,0,0
0,0.28820054003730483,0,0
1,0.6784819425625052,1,1
0,0.3192566552967104,0,0
0,0.1683744800308643,0,0
1,0.6355233684014646,1,1
0,0.4389711676925298,0,0
0,0.13708408065740452,0,0
0,0.11108388645078011,0,0
0,0.12791631233324818,0,0
0,0.09838076307513645,0,0
0,0.16108381152731013,0,0
0,0.8143590001473129,1,1
0,0.11390834423184783,0,0
0,0.5308424136779402,1,1
0,0.04891094944236847,0,0
0,0.6445335532773612,1,1
0,0.544526257239492,1,1
0,0.8033613618686213,1,1
0,0.38177279210870524,0,0
0,0.622689610641623,1,1
1,0.5223801253406015,1,1
0,0.7653146670867259,1,1
0,0.17853473579311516,0,0
0,0.0760842913678665,0,0
1,0.5728914308783404,1,1
0,0.5558789166212607,1,1
0,0.19562779718393072,0,0
0,0.7488220435968113,1,1
0,0.5595794670728884,1,1
0,0.393619097644552,0,0
0,0.033493145023868104,0,0
1,0.4315283445627873,0,0
0,0.5474387442765927,1,1
1,0.6646625114123497,1,1
0,0.1494532228346958,0,0
0,0.20870625304376303,0,0
1,0.5671295803439766,1,1
0,0.46955844183622825,0,1
0,0.18920928126929945,0,0
0,0.09660046414856145,0,0
0,0.4509968650948778,0,1
1,0.2874260161397287,0,0
1,0.3608744577862226,0,0
0,0.33785884766908464,0,0
0,0.28647341185261227,0,0
0,0.18519889984625568,0,0
1,0.6148645459001497,1,1
0,0.133163153517171,0,0
1,0.6533184100757631,1,1
0,0.060578158950707936,0,0
0,0.11593944247601108,0,0
0,0.43328279304401596,0,0
1,0.34621024028144787,0,0
0,0.559322376224853,1,1
0,0.1496143377737204,0,0
0,0.3560519167108648,0,0
0,0.5796641099039707,1,1
0,0.20672577753344012,0,0
0,0.07455440204394621,0,0
1,0.3886773326177644,0,0
0,0.1536061611666561,0,0
1,0.5643609687893407,1,1
0,0.49952263501605615,0,1
0,0.6219203500174858,1,1
0,0.26639836925490507,0,0
0,0.03218359384280437,0,0
0,0.13323460923815092,0,0
0,0.11864792170535343,0,0
0,0.14917864231401745,0,0
0,0.07575557634990161,0,0
0,0.08557356455558338,0,0
0,0.2963491342320677,0,0
0,0.16439748330308643,0,0
0,0.31465137935525544,0,0
0,0.3931362547411312,0,0
0,0.12122043084912666,0,0
0,0.10047084599652535,0,0
0,0.52517037025651,1,1
0,0.22291237792708396,0,0
0,0.3460711731934205,0,0
0,0.12658764482390228,0,0
0,0.10044271594642765,0,0
1,0.4093528276132765,0,0
0,0.42306177271014733,0,0
0,0.544534552306998,1,1
1,0.884552101092349,1,1
1,0.19160049656314554,0,0
0,0.23952931697358948,0,0
1,0.6588525054466229,1,1
0,0.16457031464817176,0,0
0,0.15757769354828186,0,0
0,0.33118294454465785,0,0
0,0.5881562534342009,1,1
0,0.37934281057356184,0,0
0,0.5509072452601863,1,1
0,0.053893641478719785,0,0
0,0.14937440334778682,0,0
0,0.09489934968543236,0,0
0,0.15948011438970908,0,0
0,0.11151212295717779,0,0
0,0.5445825704902127,1,1
0,0.21543460889242638,0,0
0,0.5345665407147606,1,1
0,0.2832957386181071,0,0
0,0.038408098690467636,0,0
0,0.0817776414980938,0,0
0,0.8189570475820477,1,1
0,0.2375597692373337,0,0
0,0.08651167372374291,0,0
1,0.4553354456860649,0,1
0,0.2898319967755498,0,0
0,0.3058540673102732,0,0
0,0.5174451137098193,1,1
0,0.3635554956725009,0,0
0,0.7537506124050241,1,1
0,0.2770069625236562,0,0
0,0.23070620437067813,0,0
0,0.7442758377243672,1,1
1,0.5155337766808357,1,1
0,0.32928120964576085,0,0
0,0.017600025585319697,0,0
0,0.38484546036751915,0,0
0,0.485423770389259,0,1
0,0.4830566927482562,0,1
1,0.31117554004632814,0,0
1,0.5137093008757095,1,1
0,0.04161190350836137,0,0
1,0.28821381084229375,0,0
0,0.45335530322155365,0,1
0,0.28444893732333004,0,0
0,0.3538234698451419,0,0
0,0.14450642758227902,0,0
0,0.41059571459165034,0,0
0,0.37084019331201984,0,0
0,0.1454668113038336,0,0
1,0.42947842568881733,0,0
0,0.08179465797440862,0,0
0,0.4420803747479446,0,1
0,0.23138604698900692,0,0
0,0.39788636332134786,0,0
0,0.12219037637934022,0,0
1,0.6739105578517343,1,1
0,0.08026777546885397,0,0
0,0.1327961946726801,0,0
1,0.45945426324335015,0,1
0,0.5006898918567211,1,1
0,0.5247960626118519,1,1
1,0.24264371402105012,0,0
0,0.4483425441674775,0,1
1,0.495544025963144,0,1
0,0.06276619081045302,0,0
0,0.05645326588011362,0,0
0,0.04998104731525782,0,0
0,0.2878848829058625,0,0
0,0.2325400575659864,0,0
1,0.6968013523228391,1,1
0,0.109589218875166,0,0
0,0.25236687821616194,0,0
1,0.3692122429925162,0,0
0,0.04774591533773454,0,0
0,0.027056063575207845,0,0
0,0.4259483308647733,0,0
0,0.05424470439715783,0,0
0,0.860105630796269,1,1
0,0.6408030437316679,1,1
0,0.021599000422926153,0,0
0,0.46747744134663655,0,1
1,0.5604746150392439,1,1
1,0.5704680871960288,1,1
0,0.033673036942804845,0,0
0,0.5258114726795298,1,1
0,0.46392897886427287,0,1
0,0.39722928072863567,0,0
1,0.6784662444768946,1,1
0,0.06848894260401,0,0
0,0.5349914326091031,1,1
0,0.4248719101957597,0,0
0,0.06833656681401112,0,0
0,0.44691073874239495,0,1
1,0.3981046227737408,0,0
0,0.4243021440920048,0,0
1,0.3064603565402056,0,0
1,0.13188205797063565,0,0
0,0.09516655382446623,0,0
0,0.833870714424894,1,1
0,0.3145899024548237,0,0
1,0.5008182283595864,1,1
0,0.1585119420053631,0,0
0,0.23438004705822346,0,0
0,0.07024260243904971,0,0
1,0.24005849838299548,0,0
0,0.5740684131457352,1,1
0,0.160442707769892,0,0
1,0.8482336247582634,1,1
0,0.1296211601025216,0,0
0,0.3279588493939517,0,0
0,0.33368831324907205,0,0
0,0.35140647693666255,0,0
0,0.05937137890707041,0,0
0,0.25575974034412047,0,0
0,0.7058407722022269,1,1
0,0.3641931575046902,0,0
1,0.2546709148927778,0,0
1,0.8060202333929115,1,1
0,0.5349914326091031,1,1
0,0.4809386410946009,0,1
0,0.16255680235859116,0,0
1,0.5441187436051483,1,1
0,0.7448903617022813,1,1
0,0.295945136652308,0,0
1,0.38850118382848575,0,0
0,0.6174751080389622,1,1
0,0.2265920806956614,0,0
0,0.16907655920255193,0,0
0,0.3612839552316014,0,0
0,0.26492978401362854,0,0
0,0.45286326725103826,0,1
1,0.3584150820513053,0,0
0,0.416888165289017,0,0
0,0.5370839632327452,1,1
1,0.5554114154392794,1,1
0,0.12956137722593766,0,0
1,0.5969815762327542,1,1
0,0.7527277020365257,1,1
0,0.2588738577481291,0,0
0,0.38146346941262527,0,0
0,0.08024386522469285,0,0
0,0.6253131215190039,1,1
0,0.35441735396513985,0,0
0,0.17275023463783967,0,0
0,0.15297538167798713,0,0
1,0.5955717365566434,1,1
0,0.63104862249225,1,1
0,0.08529483105871084,0,0
0,0.297547163820683,0,0
1,0.73075582018887,1,1
0,0.5454383231826526,1,1
0,0.3275973472869546,0,0
0,0.5374641609871527,1,1
0,0.528335685112388,1,1
0,0.24139941244841348,0,0
1,0.40960864552906123,0,0
0,0.031533776229743966,0,0
0,0.15772211685466841,0,0
0,0.11366614050437579,0,0
1,0.7151126580391286,1,1
0,0.020265831865914307,0,0
1,0.742608399498105,1,1
0,0.09377935076582448,0,0
1,0.6385120365816956,1,1
0,0.14075696218382905,0,0
0,0.17589911441041467,0,0
0,0.39939148727280116,0,0
0,0.4346313865710393,0,0
0,0.16968421071346781,0,0
0,0.35696971253434107,0,0
0,0.16548449888259714,0,0
1,0.5113037380576079,1,1
0,0.8390522690816807,1,1
0,0.4066044607697084,0,0
0,0.11254112186368505,0,0
1,0.5638199587363673,1,1
0,0.22389060390541057,0,0
0,0.11154403515797388,0,0
0,0.08603357998210936,0,0
0,0.7799972008985167,1,1
0,0.4375438617529837,0,0
0,0.4269675395553879,0,0
0,0.16710302073670635,0,0
0,0.3462144864166462,0,0
0,0.26296064172575484,0,0
0,0.7443538310817723,1,1
1,0.2786055402268064,0,0
0,0.17311085707822205,0,0
0,0.6267150520761199,1,1
0,0.10105636057635786,0,0
0,0.4134996302716891,0,0
0,0.04006108037595443,0,0
0,0.43360949060387083,0,0
0,0.1185541378556084,0,0
0,0.5720961816105007,1,1
0,0.4233644419393343,0,0
0,0.15441260618466499,0,0
1,0.6687379515908928,1,1
0,0.26870811313711973,0,0
0,0.13817052738125035,0,0
0,0.0744634301982083,0,0
1,0.34807318572953244,0,0
0,0.2574922000200639,0,0
0,0.03489761806384911,0,0
0,0.06516245554852258,0,0
0,0.5067015639159601,1,1
1,0.3441939031583243,0,0
0,0.3190341530879318,0,0
0,0.4760042172510439,0,1
0,0.23227800689187822,0,0
0,0.14012504984409008,0,0
1,0.7235215272630133,1,1
0,0.4914956138574354,0,1
0,0.18819236480334994,0,0
0,0.10083701039099649,0,0
0,0.1131811736542362,0,0
0,0.1542171958869295,0,0
0,0.04582770547333263,0,0
0,0.2574481819977817,0,0
0,0.13485999505042853,0,0
0,0.13403368634714957,0,0
0,0.014529084209342034,0,0
0,0.7913183143968747,1,1
0,0.6581848200818787,1,1
0,0.39861227235956337,0,0
0,0.15037787034044975,0,0
0,0.09055060204189647,0,0
0,0.19837285669354254,0,0
0,0.28682416186107107,0,0
0,0.2508913900999816,0,0
0,0.3819182436693113,0,0
1,0.7521986142512462,1,1
0,0.22909916163383517,0,0
0,0.1555475289960585,0,0
0,0.12060079127496946,0,0
0,0.2522105493492962,0,0
0,0.04349396445416676,0,0
0,0.1407585430225438,0,0
0,0.4526845923254592,0,1
0,0.09118593342536963,0,0
0,0.10827868163032556,0,0
0,0.36055284955555855,0,0
0,0.1315041393212847,0,0
0,0.27299669546438976,0,0
0,0.22670216830072662,0,0
0,0.24586167177793905,0,0
0,0.14652881177127428,0,0
0,0.026078572381229372,0,0
1,0.6282689393366643,1,1
0,0.3671853439088055,0,0
0,0.8242911298940708,1,1
1,0.3242034707523205,0,0
1,0.3383871946893002,0,0
0,0.26244504233296817,0,0
0,0.07147144589498061,0,0
0,0.4177148989498059,0,0
0,0.2204163578127006,0,0
0,0.16783728851001886,0,0
0,0.5682624936752173,1,1
0,0.37945103044251655,0,0
0,0.38085685239141287,0,0
0,0.2174173129962599,0,0
0,0.2333751293651002,0,0
0,0.39663638661321743,0,0
0,0.28986396276465426,0,0
0,0.16108656429209825,0,0
0,0.39528940958708764,0,0
0,0.3101057695028284,0,0
0,0.1439927502509428,0,0
0,0.1262589949057241,0,0
0,0.31014220229056394,0,0
0,0.29166470932484995,0,0
1,0.8228647110686584,1,1
0,0.2359626346706843,0,0
0,0.5268491845462825,1,1
0,0.13922183667385843,0,0
0,0.10759515100708773,0,0
0,0.3386942144268835,0,0
0,0.6349174948624909,1,1
0,0.12487174246970137,0,0
0,0.20706987406302305,0,0
0,0.18668611278260414,0,0
1,0.3757200608558969,0,0
0,0.4588088090683108,0,1
0,0.08935069670441811,0,0
0,0.23101986818730755,0,0
0,0.17119563817197986,0,0
1,0.4872541909128598,0,1
0,0.31526432325990983,0,0
0,0.15672318635020277,0,0
0,0.07947231126070589,0,0
0,0.3809916171420751,0,0
1,0.03588139802357402,0,0
1,0.8199796504664927,1,1
1,0.7299082892082122,1,1
0,0.11752908763308957,0,0
0,0.11212691786186053,0,0
1,0.7211451716641342,1,1
0,0.696738780569276,1,1
0,0.08149912156671114,0,0
1,0.5729808603705665,1,1
0,0.1852155994201097,0,0
0,0.028043331397734416,0,0
0,0.07015282438155715,0,0
1,0.30016479576571864,0,0
0,0.6797124342543981,1,1
0,0.03633624185009728,0,0
0,0.5939435983169998,1,1
0,0.7029870576762988,1,1
0,0.26159841741196754,0,0
1,0.23131083231619562,0,0
0,0.12069563194877835,0,0
0,0.14926029178682632,0,0
0,0.7093498332250353,1,1
0,0.043206309996701955,0,0
0,0.5237277356563477,1,1
0,0.7286068854462819,1,1
0,0.3232963193933042,0,0
1,0.8007447446344503,1,1
0,0.5202783342961361,1,1
0,0.1331975560492618,0,0
0,0.2263720649184184,0,0
0,0.49779995930307175,0,1
1,0.31615151185255486,0,0
0,0.48535612118359805,0,1
0,0.5811537031023098,1,1
0,0.14331303923562735,0,0
0,0.06888778356752752,0,0
0,0.11585690063414096,0,0
0,0.2705702497391183,0,0
1,0.45968732525930683,0,1
0,0.2251821660938171,0,0
0,0.1498583173067302,0,0
0,0.4009852735795717,0,0
1,0.8659332632022257,1,1
0,0.12277415678576667,0,0
0,0.3775910647860339,0,0
0,0.3329335267710838,0,0
0,0.24655667885892352,0,0
1,0.3483005375567482,0,0
0,0.0657715448607841,0,0
0,0.23262068815416687,0,0
0,0.5374641609871527,1,1
1,0.8286832165798881,1,1
0,0.0786817417873748,0,0
1,0.6873835064001471,1,1
0,0.09905081250159396,0,0
0,0.45475868416928816,0,1
0,0.09433306598730029,0,0
0,0.6958770249358487,1,1
0,0.35493217009193934,0,0
0,0.49459815866892853,0,1
0,0.05056541722930009,0,0
0,0.41661823810084386,0,0
0,0.21432263697070109,0,0
0,0.3820306086796284,0,0
0,0.39939148727280116,0,0
0,0.0385147193118503,0,0
0,0.4467365755817714,0,1
0,0.09435462877908699,0,0
0,0.06655533852173338,0,0
0,0.24616450680382576,0,0
0,0.16972584228483073,0,0
0,0.048322555979516485,0,0
0,0.050173459678106956,0,0
0,0.2540308195687925,0,0
0,0.37523795968044865,0,0
0,0.2887238843258665,0,0
0,0.35860275837162797,0,0
1,0.2160569248146649,0,0
0,0.287216426041167,0,0
0,0.3246316377318435,0,0
0,0.44444562246411085,0,1
1,0.2683662648890979,0,0
0,0.09228743179821111,0,0
0,0.16616304657455971,0,0
0,0.24402588792881497,0,0
0,0.06542504434845982,0,0
0,0.202009678911624,0,0
0,0.3227801767038055,0,0
0,0.38728969982259454,0,0
0,0.3819635167439428,0,0
0,0.09644614217031339,0,0
0,0.05241690955096149,0,0
0,0.5349914326091031,1,1
0,0.16213694053450878,0,0
0,0.395464463538994,0,0
0,0.1333144164870476,0,0
0,0.11689642398512028,0,0
0,0.15395293504944313,0,0
0,0.2536519346689831,0,0
0,0.059240122893709224,0,0
0,0.07090308637440988,0,0
0,0.07281370151812952,0,0
0,0.24571557745087177,0,0
0,0.16619602723851104,0,0
1,0.2052091710890961,0,0
0,0.39121779788265865,0,0
0,0.30511372164700323,0,0
1,0.2736412027944537,0,0
1,0.5785693503979107,1,1
0,0.37720442972919727,0,0
0,0.09714382199583864,0,0
0,0.29170294998284513,0,0
0,0.1377898718584478,0,0
0,0.5017162121504224,1,1
0,0.09691394300520521,0,0
0,0.14235147576544924,0,0
0,0.3822923369754539,0,0
1,0.4513857688684887,0,1
0,0.0602739522430873,0,0
1,0.4964208293569747,0,1
0,0.19987312318332853,0,0
0,0.4595388063232493,0,1
1,0.7260476826503041,1,1
0,0.06086211876671159,0,0
1,0.39590595102472087,0,0
0,0.13847212539885598,0,0
0,0.558853198272316,1,1
0,0.4665320361326552,0,1
1,0.39353147669324157,0,0
1,0.3784495985021248,0,0
0,0.07109874763565176,0,0
1,0.47572524073220657,0,1
0,0.37383141202153447,0,0
1,0.7115496464090892,1,1
0,0.06012201076808811,0,0
0,0.17002822550972763,0,0
0,0.3033072144860071,0,0
1,0.44959927926104387,0,1
0,0.07839916751334926,0,0
0,0.08685315375558463,0,0
0,0.4019525971329042,0,0
0,0.11611728576272161,0,0
0,0.16470847861015328,0,0
0,0.30566578220254687,0,0
0,0.38430548066770975,0,0
0,0.01822031617619853,0,0
1,0.39081325243670445,0,0
0,0.1646008998319947,0,0
0,0.2712230849000326,0,0
0,0.7989452447420713,1,1
0,0.22440748164918878,0,0
1,0.4061824380527168,0,0
0,0.07545670485028828,0,0
0,0.13842457526549484,0,0
0,0.30934293319626155,0,0
0,0.5042423017299178,1,1
0,0.07185652019719345,0,0
0,0.4032329351390498,0,0
0,0.2179249424839891,0,0
0,0.4360405161195133,0,0
0,0.1709123300150907,0,0
0,0.34303002736650234,0,0
0,0.21553077050483574,0,0
1,0.4878591205606685,0,1
1,0.592102905773302,1,1
1,0.3849926045769101,0,0
0,0.39617324116592467,0,0
0,0.016968502260089724,0,0
0,0.578943692047273,1,1
0,0.35571072873149223,0,0
0,0.1268563324933294,0,0
0,0.14676861689183074,0,0
0,0.40183012378306765,0,0
0,0.10296243824121816,0,0
0,0.2800996324643456,0,0
1,0.8302032450120684,1,1
1,0.5821308735105848,1,1
0,0.20493033214238246,0,0
1,0.24894907426341584,0,0
1,0.18052442921228046,0,0
0,0.27505353016596584,0,0
1,0.4145686353693319,0,0
0,0.49301044386183707,0,1
1,0.5087314957717435,1,1
0,0.017334364729218333,0,0
0,0.09996764892809491,0,0
1,0.5460437621488708,1,1
0,0.0705998092593681,0,0
1,0.2943161110819006,0,0
0,0.1350660518082071,0,0
0,0.06785344091308107,0,0
0,0.16295128602907238,0,0
0,0.22810652969301293,0,0
0,0.5072008025084644,1,1
0,0.32165191088925843,0,0
0,0.4577807740075543,0,1
0,0.48059169425906173,0,1
0,0.46934952902630783,0,1
1,0.6197721109972419,1,1
1,0.4219324560372547,0,0
0,0.09758028419715259,0,0
0,0.16755852744556568,0,0
0,0.2592563270063271,0,0
0,0.2445138557937052,0,0
0,0.15422580905359087,0,0
0,0.03121377829475117,0,0
0,0.15268165577346324,0,0
0,0.13825903659498734,0,0
0,0.24995228001199038,0,0
0,0.17519845100719708,0,0
1,0.4116052921107102,0,0
0,0.27917141085521696,0,0
1,0.3420205835386945,0,0
0,0.07346790002529478,0,0
1,0.3946348471696767,0,0
0,0.4970551684679652,0,1
0,0.0965149479742973,0,0
0,0.30691250933162717,0,0
0,0.019223825589088497,0,0
0,0.5855406987949556,1,1
0,0.41302997922270357,0,0
0,0.5349914326091031,1,1
0,0.0999942385023024,0,0
1,0.32691502000646355,0,0
1,0.4792548894705317,0,1
0,0.25147958646997526,0,0
1,0.30024488309821135,0,0
0,0.3001396143273094,0,0
0,0.0368004061540612,0,0
0,0.15137410376512206,0,0
0,0.5084593162124961,1,1
0,0.14453727356284904,0,0
1,0.6322267236690613,1,1
0,0.15797210847380816,0,0
1,0.31732657806303344,0,0
1,0.1832993334019203,0,0
1,0.760345378477731,1,1
0,0.0956423945006252,0,0
0,0.20615916183932753,0,0
0,0.1455384670482866,0,0
0,0.1479560920635662,0,0
0,0.46643395514873826,0,1
0,0.04040723635235178,0,0
0,0.43705920724666525,0,0
0,0.09508539229162828,0,0
0,0.1256011319834849,0,0
0,0.4368542836449181,0,0
0,0.4197404269105509,0,0
0,0.0167765127416593,0,0
0,0.47238955367120333,0,1
0,0.1033358128937637,0,0
0,0.29175289479627486,0,0
1,0.724831938658177,1,1
0,0.21207999707264413,0,0
0,0.42543214459209544,0,0
0,0.46668131204042035,0,1
0,0.16065615797916624,0,0
1,0.6081794972456737,1,1
1,0.14753278981632648,0,0
0,0.32172736612945585,0,0
0,0.044271508848642,0,0
0,0.13052903915772782,0,0
0,0.12347195162365447,0,0
0,0.32061685095610304,0,0
1,0.6421992310521724,1,1
0,0.755130291005291,1,1
0,0.25001586307438783,0,0
0,0.041408702670274904,0,0
0,0.1396292529224116,0,0
0,0.5356601464267877,1,1
0,0.3620121985103982,0,0
0,0.34764874923439343,0,0
0,0.2950623368633431,0,0
0,0.5520024914408299,1,1
0,0.07188628231523457,0,0
0,0.3267038426013894,0,0
0,0.08586916601854343,0,0
0,0.044383362472595694,0,0
0,0.052963166876482164,0,0
1,0.29443735533283605,0,0
0,0.09340186302295933,0,0
0,0.49783459031794963,0,1
1,0.5586275237204034,1,1
0,0.0567941901815498,0,0
0,0.3428587018130363,0,0
0,0.1993551368261922,0,0
0,0.2944773137634153,0,0
0,0.05797817549745201,0,0
0,0.08288835067884649,0,0
0,0.4529577235200304,0,1
0,0.07140587462646286,0,0
1,0.11002117608668201,0,0
1,0.6239199719362766,1,1
0,0.626995750150549,1,1
0,0.35657313981385186,0,0
1,0.22939318090272698,0,0
1,0.7357627320936142,1,1
0,0.36648389712282914,0,0
1,0.7761083058668197,1,1
0,0.08423653589953728,0,0
0,0.055501095991873445,0,0
0,0.2659380825438557,0,0
0,0.539760746606335,1,1
0,0.8069374751734141,1,1
0,0.5221133252270181,1,1
0,0.20376982886394673,0,0
0,0.15625561780640077,0,0
0,0.46069811175809633,0,1
0,0.10303455439755747,0,0
0,0.2969349635037144,0,0
0,0.36328964009846376,0,0
0,0.15216526438854938,0,0
0,0.6863865091879797,1,1
0,0.1161081875640699,0,0
1,0.10468818218769638,0,0
0,0.0554642869269327,0,0
0,0.19277671310171315,0,0
0,0.03542856609191641,0,0
0,0.053657663547939015,0,0
0,0.08492951657199811,0,0
0,0.21256407445132938,0,0
0,0.2549881886992154,0,0
1,0.7584018851805229,1,1
0,0.36412056528770076,0,0
1,0.5159861062856415,1,1
1,0.803164648102729,1,1
0,0.12895578849132736,0,0
1,0.6105410248792605,1,1
0,0.6266454964883759,1,1
0,0.11115755116343348,0,0
0,0.18519889984625568,0,0
1,0.7545016978921778,1,1
1,0.4713591424914954,0,1
0,0.6142605538023492,1,1
1,0.36361307945866755,0,0
1,0.5582031187954112,1,1
0,0.29080293246198835,0,0
0,0.20248875831770582,0,0
0,0.25977370233252584,0,0
0,0.05489625507504765,0,0
0,0.024629656891852945,0,0
0,0.5549728175833979,1,1
0,0.22966795124307665,0,0
0,0.07822777377701517,0,0
0,0.6702191767927062,1,1
0,0.28974090303450234,0,0
1,0.10557192943544082,0,0
0,0.4880272697251599,0,1
0,0.6064327569469414,1,1
0,0.3507148273839451,0,0
0,0.25454119471199504,0,0
0,0.02234578169997825,0,0
1,0.6892366454320619,1,1
0,0.04183681244568668,0,0
0,0.08065921621918268,0,0
0,0.3797471691905479,0,0
1,0.4217754095176697,0,0
0,0.17449639272549503,0,0
0,0.3334345687507533,0,0
1,0.17415238120152984,0,0
0,0.1033103147382867,0,0
0,0.3912280126333834,0,0
0,0.06399948382580285,0,0
0,0.15944823564556027,0,0
1,0.08091688304665931,0,0
0,0.6206841938734349,1,1
0,0.5503051410806831,1,1
0,0.7193162346912342,1,1
0,0.24147802869011958,0,0
1,0.7076368398972888,1,1
1,0.3663987380438619,0,0
0,0.25514113084363005,0,0
0,0.1615496320238969,0,0
0,0.3989872699253507,0,0
0,0.2787135902755749,0,0
0,0.31154389358491535,0,0
0,0.14292584831292518,0,0
1,0.5349914326091031,1,1
0,0.6310752030620447,1,1
0,0.05849241745654962,0,0
0,0.06471289570591186,0,0
1,0.22669190814264076,0,0
0,0.04387949022791912,0,0
0,0.7042607089619473,1,1
0,0.16002786637752656,0,0
1,0.7559315835666455,1,1
0,0.3592656901381185,0,0
0,0.5967651885151888,1,1
0,0.16723748398108138,0,0
1,0.5349914326091031,1,1
0,0.21589443213897444,0,0
0,0.05330389874704251,0,0
0,0.22810513394706916,0,0
1,0.5934151307642019,1,1
1,0.7381409766703885,1,1
0,0.039428247534673985,0,0
0,0.8148727281299522,1,1
0,0.05454140120535808,0,0
0,0.09065260997571196,0,0
1,0.30270143196395677,0,0
1,0.4261987175173821,0,0
0,0.5496741297967149,1,1
0,0.48575271974614065,0,1
0,0.09704031880594444,0,0
0,0.4557617492978746,0,1
1,0.6678378375580384,1,1
1,0.6501739656577566,1,1
0,0.13045765658529,0,0
0,0.5074762756608963,1,1
0,0.055786335530349555,0,0
0,0.14598488170746207,0,0
0,0.16261692405461767,0,0
0,0.5074132808339463,1,1
1,0.20349612625919808,0,0
0,0.5553847626462818,1,1
0,0.14564479769396577,0,0
0,0.34897675330918343,0,0
0,0.5204668278835326,1,1
0,0.09123989147433503,0,0
0,0.1786318495745741,0,0
0,0.07185926843264483,0,0
1,0.3734881044066662,0,0
1,0.7177137783383917,1,1
0,0.21109579137752527,0,0
0,0.2627133195911845,0,0
0,0.2156858587003561,0,0
0,0.26713393491235843,0,0
0,0.052094282754843325,0,0
0,0.18942190125549266,0,0
0,0.18102389981754638,0,0
0,0.14577837534860066,0,0
0,0.09141553133874142,0,0
0,0.0397271985414976,0,0
0,0.3428189800700165,0,0
0,0.6575252062895255,1,1
0,0.5390960671308966,1,1
0,0.0961332416997112,0,0
0,0.41233153171027265,0,0
0,0.14530860893108094,0,0
0,0.19452469408724568,0,0
0,0.15241380569610832,0,0
0,0.17648822588127078,0,0
0,0.28276487749306994,0,0
0,0.1637316043250957,0,0
0,0.3838933390740665,0,0
0,0.20019178100998294,0,0
1,0.2362561354622404,0,0
0,0.1389838208603688,0,0
0,0.16533500190040434,0,0
0,0.8667783808325602,1,1
1,0.5287095373666585,1,1
0,0.5376360354272586,1,1
0,0.06294585096467882,0,0
0,0.38235962892195235,0,0
0,0.07509404625784333,0,0
0,0.1275187187411659,0,0
0,0.4096702346737681,0,0
0,0.6344048435654469,1,1
0,0.3281844712414303,0,0
0,0.17397519606511225,0,0
0,0.5734483585835547,1,1
0,0.25375250963349627,0,0
0,0.49545822194474415,0,1
1,0.3133244714435891,0,0
0,0.5639915883330713,1,1
0,0.17568363944896206,0,0
1,0.3610471802449361,0,0
0,0.6374166361462431,1,1
0,0.046258713105630234,0,0
0,0.6290338300044183,1,1
0,0.4866536127271423,0,1
0,0.8178971331672572,1,1
0,0.41335083301855424,0,0
0,0.23413966887857393,0,0
0,0.27284821403009746,0,0
0,0.7502342262856968,1,1
0,0.27659455959417256,0,0
0,0.5791778691151752,1,1
0,0.12810909153574218,0,0
1,0.31327442430577096,0,0
0,0.17430385392226466,0,0
0,0.07993119012145788,0,0
1,0.552656280518587,1,1
0,0.4058967358131957,0,0
0,0.492856613156216,0,1
0,0.42253132744734917,0,0
0,0.17551561088356707,0,0
1,0.5354798116400287,1,1
0,0.024761694847989554,0,0
1,0.7286231780202366,1,1
0,0.3110118881036773,0,0
0,0.06699145832876828,0,0
0,0.11729085279820467,0,0
0,0.1008498310153607,0,0
0,0.14075696218382905,0,0
1,0.4026085518368803,0,0
0,0.3950880315218551,0,0
0,0.3102460269062437,0,0
0,0.06629710520536083,0,0
0,0.2707029296009476,0,0
0,0.28578510759393133,0,0
0,0.47810153245447357,0,1
0,0.09795627546284812,0,0
0,0.321620589670048,0,0
0,0.4404773208462468,0,1
0,0.04971347751348094,0,0
0,0.03243682839827596,0,0
0,0.271491483496709,0,0
1,0.25838074080575746,0,0
1,0.529194668285927,1,1
1,0.49440969626921627,0,1
0,0.6072140406892731,1,1
1,0.7747300774560837,1,1
0,0.20038804408610753,0,0
0,0.09722419689850376,0,0
0,0.282993079767259,0,0
0,0.2636314374586355,0,0
0,0.6631778340656216,1,1
0,0.4352305314318203,0,0
0,0.3852640144799588,0,0
0,0.03218132769948424,0,0
0,0.16735080333840463,0,0
1,0.7046215735588802,1,1
1,0.1699768285315575,0,0
0,0.25313251699281125,0,0
0,0.077373298840292,0,0
0,0.5479092106150931,1,1
1,0.34950910110516387,0,0
0,0.4670310602498312,0,1
0,0.5863494202735694,1,1
0,0.083981142355926,0,0
1,0.3792038098098636,0,0
0,0.11377326947638541,0,0
0,0.1323818010621416,0,0
0,0.09428917477946053,0,0
1,0.35285730445454805,0,0
0,0.6204663118958781,1,1
0,0.13626640994792472,0,0
0,0.3396778896484779,0,0
0,0.19562779718393072,0,0
0,0.03030732476398974,0,0
0,0.6904523576268932,1,1
1,0.7470272559684326,1,1
0,0.5877073499972106,1,1
0,0.18178364862362148,0,0
0,0.06002214860559994,0,0
0,0.41508974419424993,0,0
0,0.3208396285350838,0,0
0,0.30309968301106066,0,0
0,0.14832882605702666,0,0
0,0.09446401231281912,0,0
1,0.5518840104958928,1,1
0,0.24218913695809988,0,0
0,0.5422703363171631,1,1
0,0.2962473583271545,0,0
1,0.5839649710884236,1,1
0,0.33486137582461123,0,0
0,0.3868404345768895,0,0
0,0.09241378222914479,0,0
0,0.02827108950057651,0,0
0,0.08873703175909058,0,0
1,0.2697792427706588,0,0
0,0.08010779822270798,0,0
0,0.6048616511484161,1,1
1,0.4808032148151277,0,1
0,0.6084033103512003,1,1
0,0.06496752453370645,0,0
0,0.2721060198688259,0,0
0,0.23679417048379903,0,0
0,0.6261939902919006,1,1
0,0.17372638339061272,0,0
0,0.21043119800163157,0,0
1,0.8480054233405631,1,1
0,0.10443972600563318,0,0
0,0.24468118190720142,0,0
0,0.5576103818925024,1,1
0,0.13700598023983598,0,0
0,0.09325596833922487,0,0
0,0.15893574662338147,0,0
0,0.09444802821669747,0,0
0,0.31631710548516306,0,0
0,0.33892447258623737,0,0
0,0.09591242988189783,0,0
0,0.06775992878806557,0,0
0,0.4934590792714363,0,1
0,0.11814075826238188,0,0
0,0.1919820704801725,0,0
0,0.3955557715991153,0,0
0,0.5528927360908782,1,1
0,0.0772867257888934,0,0
0,0.36905982413412775,0,0
0,0.22926766326409218,0,0
1,0.11548596907696383,0,0
0,0.22753591595936073,0,0
0,0.7331033496230862,1,1
0,0.15331485787393873,0,0
0,0.3266595249019417,0,0
0,0.18510790939083255,0,0
0,0.5724174168195066,1,1
1,0.6882683155537173,1,1
0,0.13534045890555338,0,0
0,0.2866559464890094,0,0
0,0.4930313112526736,0,1
0,0.15342401405428902,0,0
0,0.25295360918414994,0,0
0,0.05452604301224118,0,0
1,0.8024239367157322,1,1
0,0.12969197375477304,0,0
0,0.08256149473931756,0,0
0,0.6371660273850677,1,1
0,0.7023629507566612,1,1
0,0.47864393449687576,0,1
0,0.09308338899662423,0,0
0,0.0656420008016684,0,0
1,0.5750776969418611,1,1
1,0.4118003572508217,0,0
0,0.2734386684207891,0,0
0,0.07505392252481424,0,0
0,0.19537684442506317,0,0
0,0.10693432561376043,0,0
1,0.8209133983497793,1,1
0,0.3174158264765852,0,0
1,0.3452258512184981,0,0
0,0.3179166657564851,0,0
0,0.055904725734067726,0,0
0,0.2560721829913009,0,0
0,0.41348967480729004,0,0
0,0.21280747645151815,0,0
0,0.1783872189145441,0,0
0,0.8521580369521548,1,1
0,0.37817657810885363,0,0
1,0.5040866687778456,1,1
0,0.40773089893136333,0,0
0,0.5003364173952408,1,1
0,0.48026645291159314,0,1
0,0.6304235279970577,1,1
0,0.09796848462162862,0,0
0,0.22373042283904623,0,0
0,0.5218528271269325,1,1
0,0.014969336686441952,0,0
1,0.5257398081153127,1,1
0,0.6309046394781683,1,1
0,0.529194668285927,1,1
0,0.2021682622795065,0,0
1,0.5229890884842621,1,1
0,0.03476957396562027,0,0
0,0.39939148727280116,0,0
1,0.13108705389017597,0,0
0,0.2434249174423268,0,0
0,0.062054035151316085,0,0
0,0.5066074426177448,1,1
0,0.067026558603498,0,0
0,0.44129809951830085,0,1
0,0.4344375081876088,0,0
0,0.034870894438541494,0,0
0,0.05268876544363311,0,0
0,0.12575477025574705,0,0
0,0.2647460319464966,0,0
0,0.14470274626906524,0,0
0,0.5984769502026466,1,1
0,0.2706489967004674,0,0
0,0.4515947429333652,0,1
0,0.19443301693146897,0,0
0,0.11650587102480554,0,0
0,0.4640931346631811,0,1
0,0.3511401375465324,0,0
0,0.1991511850865567,0,0
0,0.4115964934761372,0,0
1,0.4339004168273836,0,0
0,0.29166470932484995,0,0
1,0.7856779699662992,1,1
0,0.35489989271993927,0,0
0,0.3088667087814147,0,0
1,0.2198375779649774,0,0
0,0.5558474474728344,1,1
0,0.18532075791914554,0,0
0,0.1495491349908181,0,0
0,0.1863687404643287,0,0
0,0.55670521322951,1,1
0,0.038861888982802,0,0
1,0.5971020402941754,1,1
0,0.05496636237727659,0,0
1,0.40782118061029954,0,0
0,0.40924213667036424,0,0
0,0.5633449921108588,1,1
0,0.07493586673997879,0,0
0,0.2843968657854021,0,0
0,0.2356560492884023,0,0
0,0.28718705350443857,0,0
0,0.5050841971066431,1,1
0,0.19525618110492057,0,0
0,0.3715091446794237,0,0
0,0.5173400382784286,1,1
0,0.23624550818020196,0,0
1,0.48997745139850385,0,1
0,0.10855558070323876,0,0
0,0.38490861181302377,0,0
0,0.10597951518941562,0,0
0,0.3369127801773515,0,0
0,0.10686966622937868,0,0
1,0.4552461825495713,0,1
0,0.3307456176141901,0,0
0,0.1456351759552225,0,0
0,0.13901086574976307,0,0
0,0.0271372351275602,0,0
0,0.42854436061015005,0,0
0,0.09063034263453437,0,0
1,0.28614686787975613,0,0
0,0.1523156491685828,0,0
0,0.45930031296246465,0,1
0,0.0418505524922831,0,0
0,0.05831289011326889,0,0
1,0.834110952335057,1,1
0,0.4536867883435221,0,1
0,0.03835007440172431,0,0
0,0.5553599527743758,1,1
0,0.6330988999390702,1,1
0,0.31034458087932937,0,0
0,0.47090651393545413,0,1
0,0.8015079129963031,1,1
0,0.17407619040082511,0,0
0,0.14445800706710704,0,0
0,0.46666005798581445,0,1
0,0.3427133063139259,0,0
1,0.10811735507168364,0,0
0,0.22655929543826545,0,0
0,0.3053577597439827,0,0
1,0.6742458047341946,1,1
0,0.11548203362435276,0,0
0,0.053913095773555485,0,0
1,0.5468843022445963,1,1
1,0.8042169617734632,1,1
1,0.059082157387108036,0,0
0,0.21076829961664953,0,0
0,0.33174305585403085,0,0
0,0.05581192258374723,0,0
0,0.9444150756650755,1,1
1,0.6056196437578015,1,1
0,0.0965453551330599,0,0
0,0.6413766865229709,1,1
1,0.12915750122537822,0,0
0,0.3027064896174804,0,0
0,0.23141601793420907,0,0
0,0.14018188990810312,0,0
1,0.7259665895823018,1,1
0,0.39983119053862093,0,0
0,0.39730951241855333,0,0
0,0.12230865104394516,0,0
0,0.23919336227742813,0,0
0,0.15105960689116468,0,0
0,0.27269213612537535,0,0
1,0.6875831774838672,1,1
1,0.360443839749553,0,0
0,0.34674345270885565,0,0
0,0.6524270376359654,1,1
0,0.36059252827782245,0,0
0,0.18519889984625568,0,0
0,0.34975637497464135,0,0
0,0.1517208349479788,0,0
0,0.40217266577330185,0,0
0,0.34669995087695993,0,0
1,0.5382953503611398,1,1
0,0.5220278250980058,1,1
0,0.15920003201799665,0,0
1,0.544284049388017,1,1
0,0.13107839884763292,0,0
0,0.5128061389446162,1,1
0,0.4622327101121862,0,1
0,0.5914903096273065,1,1
1,0.48399091445848874,0,1
0,0.3067730737782034,0,0
0,0.557547900040463,1,1
0,0.28392837295430196,0,0
0,0.15519817047139944,0,0
1,0.33431324825245023,0,0
0,0.2662782006402926,0,0
0,0.04574356317137706,0,0
0,0.37582779238424774,0,0
0,0.11901779937045452,0,0
0,0.027255540773196075,0,0
0,0.20561171136777123,0,0
0,0.03877264556439064,0,0
0,0.3439718666409844,0,0
1,0.37597997259878063,0,0
0,0.47701056284712107,0,1
0,0.8297332270126383,1,1
0,0.4664044513994203,0,1
0,0.48775422739866153,0,1
0,0.5551699927752556,1,1
0,0.30759657238759397,0,0
0,0.22449882454038686,0,0
0,0.04483190185144514,0,0
0,0.15473013549431983,0,0
1,0.3624720583367642,0,0
1,0.15076907997212438,0,0
1,0.8177510124894025,1,1
0,0.41457708778037905,0,0
0,0.2512723952474259,0,0
0,0.32263663514656804,0,0
1,0.5294739908068082,1,1
0,0.03953658033936902,0,0
0,0.129516131435849,0,0
1,0.23733261168703346,0,0
1,0.7632006189831269,1,1
0,0.06377889314531564,0,0
0,0.35403984915813563,0,0
0,0.036209958471904787,0,0
0,0.07202625142477337,0,0
1,0.5736728389896549,1,1
0,0.043711368457642376,0,0
0,0.027490803443202823,0,0
1,0.26525226456549966,0,0
0,0.8860234967417627,1,1
0,0.02938670341347405,0,0
0,0.1634444550750418,0,0
0,0.1041846314003932,0,0
1,0.6190282483647355,1,1
0,0.2668779684497414,0,0
0,0.046410192895791895,0,0
0,0.5357920163657752,1,1
0,0.04853562454460976,0,0
0,0.584274274305156,1,1
1,0.20973285331016056,0,0
0,0.11849756022093752,0,0
0,0.5182887479164573,1,1
1,0.571398656282944,1,1
0,0.2584392893556714,0,0
0,0.45730585701135235,0,1
0,0.17681295570254985,0,0
0,0.3459523245452544,0,0
1,0.6102446928847016,1,1
0,0.02680535200243438,0,0
0,0.08144612214159543,0,0
1,0.6983545246176824,1,1
0,0.07563971017821897,0,0
0,0.05572519416356426,0,0
1,0.7976871937974878,1,1
1,0.46713079588969664,0,1
1,0.45579128331669855,0,1
0,0.26172556199600494,0,0
0,0.5286499284792124,1,1
1,0.6984304669502038,1,1
0,0.18830839976194322,0,0
0,0.40497388729548184,0,0
0,0.549448474846173,1,1
0,0.131201125790204,0,0
0,0.408869468584077,0,0
0,0.11910481739959576,0,0
0,0.17937465984831044,0,0
0,0.33879554428013914,0,0
0,0.08708100585951044,0,0
0,0.4123118026337841,0,0
0,0.1510059020688788,0,0
0,0.22417904017207424,0,0
0,0.35491268484035665,0,0
0,0.4231794029643199,0,0
0,0.4747127173079183,0,1
0,0.2452871254363212,0,0
0,0.31668300787420306,0,0
1,0.0504995947873285,0,0
0,0.5111551228232856,1,1
0,0.13525867843514378,0,0
0,0.17142433546604924,0,0
0,0.1081431558285879,0,0
0,0.5783729114023228,1,1
1,0.6662134385290767,1,1
0,0.055370449736146805,0,0
1,0.014946080614300954,0,0
0,0.018553682604867148,0,0
1,0.16923605367580713,0,0
0,0.07375229534357397,0,0
0,0.4330637992949267,0,0
0,0.1789322782679171,0,0
0,0.1925960585193011,0,0
0,0.4569204857731075,0,1
0,0.20202620007394928,0,0
0,0.4735296922862713,0,1
0,0.3052940062676515,0,0
0,0.07160583196118857,0,0
0,0.3569075066087451,0,0
0,0.2996388378081173,0,0
0,0.45611965124098314,0,1
0,0.12425838333827692,0,0
0,0.10264446819090779,0,0
0,0.08409092501015489,0,0
0,0.16490297573217164,0,0
0,0.15892894350152473,0,0
0,0.6071774464355734,1,1
0,0.03794725090767494,0,0
0,0.2603136966841098,0,0
0,0.07155083766355876,0,0
1,0.543797897092015,1,1
0,0.6601246098529379,1,1
0,0.6053347988963816,1,1
0,0.35950528815147864,0,0
0,0.03858434708561877,0,0
0,0.09282936440414759,0,0
1,0.18593485587013275,0,0
0,0.6734322180227751,1,1
1,0.2995516867328016,0,0
0,0.5268491845462825,1,1
1,0.2878364939820554,0,0
0,0.21390834456030547,0,0
1,0.6437059984219431,1,1
0,0.10483553348082074,0,0
0,0.5128061389446162,1,1
0,0.09884222212902503,0,0
1,0.6753578853064147,1,1
0,0.1484911699630219,0,0
0,0.595993089073921,1,1
0,0.09372657451751275,0,0
0,0.2738844256226701,0,0
0,0.6287180439641572,1,1
0,0.09667557239327816,0,0
0,0.1520057186644648,0,0
1,0.3352523240608981,0,0
0,0.15658053879281617,0,0
0,0.6397469790558025,1,1
0,0.7207876850818025,1,1
1,0.7534894203233988,1,1
0,0.2710586373485023,0,0
0,0.6446540267065808,1,1
0,0.16874723769808916,0,0
1,0.6214902473009956,1,1
0,0.191675980844855,0,0
0,0.061493102050615873,0,0
0,0.819305422905268,1,1
0,0.5128061389446162,1,1
0,0.29809796684796686,0,0
0,0.2905668159136333,0,0
0,0.19955769959103195,0,0
0,0.45614590535023986,0,1
0,0.41720074156536,0,0
0,0.4125197153967083,0,0
0,0.0503461518510538,0,0
0,0.33814560457697707,0,0
0,0.42451057951909366,0,0
0,0.15579050655902862,0,0
1,0.4408381917126164,0,1
0,0.24473555236458736,0,0
0,0.3902135394788873,0,0
0,0.1562187004699442,0,0
0,0.11160661548708395,0,0
0,0.20734867068324886,0,0
0,0.2695249906196789,0,0
1,0.3982228551165186,0,0
0,0.6447729952795743,1,1
0,0.30975382964988235,0,0
0,0.14575242191266355,0,0
1,0.13697082266869087,0,0
0,0.06886511049986144,0,0
0,0.19110583508712478,0,0
1,0.525305953632424,1,1
0,0.2565000937744746,0,0
0,0.16000017632932778,0,0
1,0.11020900484674416,0,0
0,0.061665441202349784,0,0
0,0.14507453533766107,0,0
0,0.18110033445438045,0,0
0,0.36058472074880754,0,0
0,0.031194581494932497,0,0
0,0.0874613749317794,0,0
0,0.19767513904118905,0,0
0,0.09898482765807101,0,0
0,0.11740900683680824,0,0
0,0.6015511492080005,1,1
1,0.49744491215698605,0,1
0,0.24681976875282421,0,0
1,0.49047151065881744,0,1
0,0.05567625332938814,0,0
0,0.3723880514909925,0,0
0,0.13418733898769414,0,0
0,0.435314777981624,0,0
0,0.0694034699226651,0,0
1,0.2234748717864549,0,0
0,0.08657756511474471,0,0
0,0.24350576328482323,0,0
0,0.26347187586105675,0,0
0,0.160846597103049,0,0
0,0.19873316180596548,0,0
0,0.5268491845462825,1,1
1,0.6166136902026994,1,1
0,0.4696278807392582,0,1
0,0.21491229250052782,0,0
0,0.1804918044918045,0,0
0,0.050048762877906064,0,0
0,0.15197055150901823,0,0
0,0.0679979033694204,0,0
0,0.15446877999862446,0,0
0,0.218116576706747,0,0
0,0.6596082899871596,1,1
0,0.4029857041107042,0,0
0,0.26435530777465116,0,0
0,0.43880382517379407,0,0
0,0.6379116072546385,1,1
0,0.5608133435192257,1,1
0,0.2013617641674918,0,0
0,0.3199776907992623,0,0
0,0.21814376752356301,0,0
0,0.5128061389446162,1,1
0,0.18243883455658325,0,0
0,0.21877499439582598,0,0
1,0.382204247058394,0,0
0,0.18921876423090864,0,0
0,0.20437968864211342,0,0
0,0.06474944839422934,0,0
1,0.8424704592936012,1,1
0,0.5527822607570917,1,1
0,0.5293396590795971,1,1
0,0.29840484769294146,0,0
0,0.4339161865396383,0,0
0,0.06095693717286263,0,0
0,0.41987400487506477,0,0
1,0.24583757684245333,0,0
1,0.5349914326091031,1,1
0,0.08856062318435583,0,0
0,0.05096246236119586,0,0
0,0.10376346270601425,0,0
0,0.2514832491807862,0,0
0,0.19645617819031128,0,0
0,0.1686835344641232,0,0
1,0.6351587010484068,1,1
0,0.5814332808574294,1,1
0,0.07702085961567384,0,0
0,0.2083136312476145,0,0
0,0.14390263374233603,0,0
1,0.6027866178369274,1,1
0,0.044747061032632485,0,0
0,0.09043866393044309,0,0
0,0.15709248236853168,0,0
1,0.26445532725304427,0,0
0,0.4739608500804322,0,1
0,0.3298744025097613,0,0
0,0.2821032983521491,0,0
0,0.16626931506260156,0,0
0,0.3782877131296639,0,0
0,0.022661474414358042,0,0
1,0.6687486169661093,1,1
0,0.34301453541280097,0,0
0,0.33326741604914983,0,0
0,0.5349914326091031,1,1
1,0.5217616297894937,1,1
0,0.0648796284155094,0,0
0,0.2668586002542644,0,0
0,0.06786871439707162,0,0
0,0.053058267168561275,0,0
1,0.8398512616411221,1,1
0,0.07028999357206846,0,0
1,0.03305836791144439,0,0
0,0.3272818636604875,0,0
0,0.43285172103438363,0,0
0,0.45013454009584053,0,1
1,0.4291972538698546,0,0
0,0.7607500960368613,1,1
0,0.22794489695322157,0,0
0,0.07283617264923216,0,0
0,0.19862755867957016,0,0
1,0.31804271776943643,0,0
0,0.28858959632982023,0,0
0,0.11502634044620405,0,0
1,0.2120516608982634,0,0
0,0.3987176969962495,0,0
0,0.6017561157124915,1,1
0,0.06307521806824823,0,0
0,0.09963422122313861,0,0
0,0.6952108196957266,1,1
0,0.08740096133134655,0,0
0,0.07469726098044704,0,0
0,0.14470726889496247,0,0
1,0.5588227695793486,1,1
0,0.16547832158026204,0,0
0,0.44703274596347387,0,1
0,0.41651380790847653,0,0
0,0.01705583177258668,0,0
0,0.04223782941551221,0,0
0,0.11725011368045024,0,0
0,0.34703859995926567,0,0
0,0.371147172601507,0,0
1,0.45013461186789366,0,1
0,0.48134714362764913,0,1
0,0.23553203675245976,0,0
0,0.10000675603099411,0,0
0,0.02908499347483221,0,0
0,0.29178916504247276,0,0
0,0.36848252323871544,0,0
1,0.138517401834324,0,0
0,0.023190864820153145,0,0
0,0.529194668285927,1,1
1,0.4463187377637843,0,1
0,0.18019841160014757,0,0
0,0.39406905645953655,0,0
0,0.133166089448222,0,0
0,0.4417657852851389,0,1
0,0.11903208306959369,0,0
1,0.48091491569432737,0,1
0,0.3498322826504875,0,0
1,0.4367592449403595,0,0
0,0.38667790684547665,0,0
0,0.6265893463264212,1,1
0,0.45867465396224777,0,1
0,0.21161970819733314,0,0
0,0.15102831081883955,0,0
0,0.1961472247352967,0,0
0,0.24039677652943003,0,0
1,0.6854958698708697,1,1
0,0.06438952042741122,0,0
0,0.08398705862761861,0,0
0,0.06680448935595991,0,0
0,0.08649533851528741,0,0
0,0.3382834600183671,0,0
0,0.11113160136523942,0,0
0,0.25057895507618666,0,0
0,0.4455593424463397,0,1
0,0.24929018279742907,0,0
0,0.03648808415046326,0,0
1,0.8555968311587505,1,1
0,0.09265242649884438,0,0
1,0.403642238609344,0,0
1,0.3504903445111348,0,0
0,0.4069947082071697,0,0
1,0.7450308384426031,1,1
0,0.1696711604029364,0,0
1,0.5219467615860801,1,1
0,0.09194520277798991,0,0
0,0.6038768042529654,1,1
0,0.5889712122243081,1,1
0,0.30000377974565295,0,0
1,0.33776381042168313,0,0
1,0.6805386321147417,1,1
0,0.5586451496941697,1,1
0,0.18230529017024522,0,0
0,0.3780502896799337,0,0
0,0.7170300627878031,1,1
0,0.5023301563847227,1,1
0,0.10224050159445648,0,0
0,0.0665667818020759,0,0
0,0.6573875224076463,1,1
0,0.5395588153676385,1,1
0,0.25196557749183535,0,0
1,0.3899828005612408,0,0
0,0.15522676275262481,0,0
0,0.3162827663163579,0,0
0,0.3182707826983267,0,0
0,0.548085507363294,1,1
0,0.6987955470455467,1,1
0,0.23124681285633297,0,0
0,0.7242130762204794,1,1
1,0.4214370260372582,0,0
0,0.03023169875633852,0,0
0,0.34317180753829374,0,0
0,0.07825712253224233,0,0
0,0.17817863850926724,0,0
0,0.08618609928248179,0,0
0,0.20453196260261486,0,0
1,0.5550265285944718,1,1
0,0.1097757301930597,0,0
1,0.41024698843468205,0,0
0,0.23540208802270815,0,0
0,0.2628907682459154,0,0
1,0.319161292289552,0,0
0,0.20938646775411482,0,0
0,0.23046062546610316,0,0
1,0.7198370132619357,1,1
0,0.08102019947757894,0,0
0,0.03478354210141583,0,0
0,0.2742507055637861,0,0
0,0.10628755431744949,0,0
0,0.08503032094252558,0,0
1,0.6508746000731296,1,1
0,0.18641307431849616,0,0
0,0.036592101361645944,0,0
0,0.5082748094498786,1,1
0,0.7851185704417127,1,1
0,0.1835781958608887,0,0
0,0.03540592327093773,0,0
0,0.4172296091330584,0,0
0,0.09807097386059505,0,0
0,0.7061221664186064,1,1
0,0.12162013177855949,0,0
0,0.054955204521373986,0,0
0,0.19694600208373733,0,0
1,0.15222549952697811,0,0
0,0.5565494332808575,1,1
1,0.49011661269014195,0,1
0,0.4686620307510402,0,1
1,0.48559311538994177,0,1
0,0.28034722788244315,0,0
1,0.44467327239037746,0,1
0,0.2236249590423436,0,0
0,0.070844124112269,0,0
1,0.25037604003060415,0,0
0,0.5268491845462825,1,1
0,0.03570212282499521,0,0
0,0.1472461094962926,0,0
0,0.03143991115117921,0,0
1,0.12407756603827186,0,0
0,0.15331485787393873,0,0
0,0.307336242342819,0,0
0,0.18249221776388969,0,0
0,0.05799999052141498,0,0
0,0.39860940786080096,0,0
0,0.08497871472691329,0,0
0,0.3365228689184247,0,0
1,0.9156352000396115,1,1
0,0.3931548223734756,0,0
0,0.39939148727280116,0,0
0,0.08252024274104577,0,0
0,0.3830537249414959,0,0
1,0.5989807370562016,1,1
0,0.10414367449906664,0,0
1,0.41633997914311566,0,0
1,0.5567547417752527,1,1
1,0.4631103617744483,0,1
0,0.00975196732857268,0,0
0,0.2438473613628129,0,0
0,0.24919325902078715,0,0
0,0.12020021451762687,0,0
0,0.5533925500740517,1,1
0,0.5633874587458177,1,1
0,0.2903288241587905,0,0
0,0.3148943806684777,0,0
0,0.1154338782962786,0,0
1,0.46055825662985134,0,1
1,0.5761196673696672,1,1
1,0.5730347684339812,1,1
0,0.357033725648277,0,0
0,0.027167247522217088,0,0
0,0.6068652576783383,1,1
0,0.08415000462143661,0,0
0,0.4947877387347206,0,1
0,0.538450447016253,1,1
0,0.3812911251937111,0,0
1,0.6040773803366685,1,1
0,0.16896374613995874,0,0
0,0.13250665983473753,0,0
1,0.5459487614781738,1,1
0,0.047921721051681,0,0
1,0.4880452674121631,0,1
0,0.49018725068597896,0,1
0,0.25551989543608444,0,0
0,0.6950570431174148,1,1
0,0.5189919921123484,1,1
0,0.08535045479799681,0,0
0,0.06954974327033382,0,0
0,0.02372094394251015,0,0
1,0.3630579892458453,0,0
1,0.44758057230580456,0,1
1,0.41592916343719566,0,0
0,0.6313199817096097,1,1
0,0.32898474252499027,0,0
0,0.7942061836182339,1,1
0,0.5268491845462825,1,1
0,0.14604438738148762,0,0
0,0.046696725285853544,0,0
0,0.02645027962975455,0,0
0,0.061582268905817174,0,0
0,0.4954531084193105,0,1
0,0.7803911387366768,1,1
0,0.16826907283673567,0,0
0,0.5163183586565941,1,1
0,0.6664720988935384,1,1
0,0.04195236716112151,0,0
1,0.4363603389204972,0,0
0,0.11260787468902983,0,0
0,0.08980549209006285,0,0
0,0.09400639308714714,0,0
0,0.09245681419033619,0,0
0,0.33193723364476296,0,0
0,0.05486633504320519,0,0
0,0.249391699838577,0,0
0,0.7864488743826977,1,1
0,0.1001148047906582,0,0
0,0.0794186830784662,0,0
0,0.31913151303747306,0,0
0,0.5291106537349473,1,1
0,0.13104595328840773,0,0
1,0.802565935039619,1,1
0,0.47081764389530123,0,1
0,0.4419506364254276,0,1
1,0.6818525711522363,1,1
1,0.2921807212395448,0,0
0,0.5425939687104546,1,1
0,0.07409250063661824,0,0
0,0.01730784407483495,0,0
0,0.28261787013752826,0,0
0,0.05679476370597855,0,0
1,0.38951981406393166,0,0
0,0.429907502169886,0,0
0,0.21331130674130716,0,0
0,0.2330486118100217,0,0
0,0.11015568846644698,0,0
0,0.3168215845322624,0,0
1,0.2217016917411992,0,0
0,0.6278265079290619,1,1
0,0.2870872487848564,0,0
0,0.3076191211285439,0,0
0,0.13727748887606178,0,0
0,0.676991263609685,1,1
0,0.1804475962088836,0,0
0,0.1635069611609523,0,0
1,0.49164301011166306,0,1
1,0.8605977807595451,1,1
0,0.22727298524585193,0,0
0,0.4712328608640529,0,1
0,0.5214470297417192,1,1
0,0.03361272124761514,0,0
0,0.11422231264573002,0,0
1,0.4771932546441059,0,1
1,0.2762422878124258,0,0
0,0.49195121926004265,0,1
0,0.12694062948257867,0,0
0,0.21819053583209655,0,0
0,0.4665792283652496,0,1
1,0.506244418596838,1,1
0,0.6326520408412825,1,1
0,0.22430009691604127,0,0
1,0.06944855190432025,0,0
0,0.26879605507971605,0,0
0,0.36132707379766227,0,0
0,0.15245938102507392,0,0
0,0.15598481177118953,0,0
0,0.6305180173856644,1,1
0,0.2451793759181469,0,0
0,0.056356311606813134,0,0
0,0.15265156840027408,0,0
0,0.3155832291686834,0,0
1,0.19143442091799076,0,0
0,0.10633158935289005,0,0
0,0.43907478380839515,0,0
0,0.37850853571218024,0,0
0,0.057329323322276506,0,0
0,0.3244989084279366,0,0
0,0.07413965509302815,0,0
1,0.7668146097681702,1,1
0,0.7207482288952876,1,1
0,0.5374641609871527,1,1
1,0.24737848486223102,0,0
0,0.4781961696913239,0,1
0,0.6879049633860007,1,1
0,0.23837547063359765,0,0
0,0.10132206937617382,0,0
0,0.21224943955452782,0,0
0,0.711242705551529,1,1
0,0.12165882447928962,0,0
0,0.059315654480688935,0,0
1,0.7641006190618185,1,1
0,0.4320540244785603,0,0
1,0.36700653091461927,0,0
1,0.46700395252397175,0,1
0,0.17435651385651393,0,0
0,0.8164254719165711,1,1
0,0.09721612492961502,0,0
0,0.6617976094969129,1,1
0,0.4151299254151421,0,0
0,0.629792186872295,1,1
0,0.17593750856675616,0,0
0,0.04340800793231463,0,0
1,0.5143893543676823,1,1
0,0.05211192038801936,0,0
0,0.7960858043172284,1,1
0,0.4009403103632981,0,0
0,0.06295571588144998,0,0
0,0.08615980660455749,0,0
1,0.4712731709008798,0,1
0,0.06408214554536842,0,0
0,0.19785972773356686,0,0
1,0.11854130776719388,0,0
0,0.2191849898103347,0,0
0,0.5349914326091031,1,1
0,0.2507794767152353,0,0
1,0.7746447372536177,1,1
0,0.40057303488996693,0,0
0,0.5768063029734856,1,1
1,0.5111579488996368,1,1
0,0.13295526891432893,0,0
0,0.3190341530879318,0,0
0,0.34101881793127825,0,0
0,0.2774561721916984,0,0
0,0.3886000668416202,0,0
0,0.12499547112641156,0,0
0,0.09111503622601887,0,0
0,0.22946999791871056,0,0
0,0.030777126902370597,0,0
0,0.10166319292353819,0,0
0,0.11663631985837872,0,0
0,0.09970628181231266,0,0
0,0.15427892722745676,0,0
0,0.19517392403925368,0,0
0,0.2966947651305238,0,0
0,0.20701571517864104,0,0
1,0.5755362926833514,1,1
0,0.07365675137182637,0,0
0,0.148720667838076,0,0
0,0.09624579944094708,0,0
0,0.6317659298762242,1,1
0,0.32691502000646355,0,0
0,0.4184622523732433,0,0
0,0.1886526919692647,0,0
0,0.3870682457520697,0,0
0,0.20662420798219258,0,0
0,0.43051186167254124,0,0
0,0.18339703618534886,0,0
0,0.6343660497282787,1,1
0,0.7576237264913734,1,1
0,0.34654893126023156,0,0
0,0.09654084221801856,0,0
0,0.18606548814575852,0,0
0,0.32049064304667024,0,0
0,0.05420929742108991,0,0
0,0.5073564883259155,1,1
0,0.6661063843563848,1,1
0,0.3206313479978341,0,0
1,0.6028166547791161,1,1
0,0.5349914326091031,1,1
0,0.7122924106194227,1,1
0,0.1451042472061075,0,0
0,0.08802476386471077,0,0
0,0.13901086574976307,0,0
0,0.09357142449706174,0,0
0,0.5648184655758184,1,1
0,0.5064067661849334,1,1
0,0.506806760285733,1,1
0,0.14249376124416108,0,0
0,0.2169363163574007,0,0
0,0.4710381701202137,0,1
1,0.48099021845887163,0,1
0,0.5686006645237934,1,1
0,0.4380288874925098,0,0
0,0.11533553470725906,0,0
0,0.10250125957571442,0,0
0,0.14963765169299226,0,0
0,0.2871471396198423,0,0
0,0.4500271007057386,0,1
0,0.061145030048342,0,0
0,0.4916063200645247,0,1
0,0.4144473787639568,0,0
0,0.212296746197336,0,0
0,0.29512309475583476,0,0
0,0.0671946504195081,0,0
0,0.2818559013798952,0,0
0,0.1594925280152263,0,0
0,0.5057350033437493,1,1
0,0.07518005608994201,0,0
0,0.141445975378251,0,0
1,0.23501699143099836,0,0
0,0.02573644842614818,0,0
1,0.6631507486464914,1,1
0,0.3221030351514097,0,0
0,0.652461771678232,1,1
0,0.6857597114501139,1,1
0,0.4359841253797878,0,0
1,0.13428548745571206,0,0
0,0.45467696392206175,0,1
0,0.2803780510351918,0,0
0,0.04586100609630019,0,0
0,0.07221262286459477,0,0
0,0.24919325902078715,0,0
1,0.8071072634365974,1,1
0,0.3500203373636878,0,0
0,0.1843767827085044,0,0
0,0.3190260684304803,0,0
1,0.16424171176321795,0,0
0,0.7196211759087144,1,1
0,0.4639463820636424,0,1
0,0.4031153970628666,0,0
0,0.18557717525984294,0,0
0,0.46426464463357064,0,1
0,0.17655230969643615,0,0
0,0.541453916448485,1,1
0,0.6136127497889107,1,1
1,0.5651952445702442,1,1
0,0.08617786625139565,0,0
0,0.17071552538958645,0,0
1,0.3586237403549323,0,0
0,0.25277526134569483,0,0
0,0.2099756030676504,0,0
0,0.399066706794076,0,0
0,0.0807317990972245,0,0
1,0.6399491881298386,1,1
0,0.055189981918903674,0,0
0,0.42215459077959083,0,0
0,0.6684902423284775,1,1
1,0.6517972937396478,1,1
0,0.03818319386793205,0,0
0,0.3787194732512073,0,0
1,0.33927392316233357,0,0
0,0.2902464966747701,0,0
0,0.40935576497805615,0,0
0,0.09417656085984584,0,0
0,0.41284572807366904,0,0
0,0.21152924078183502,0,0
0,0.1328646122043013,0,0
1,0.35660441676355004,0,0
0,0.2076511910345801,0,0
1,0.5888275676565151,1,1
1,0.31634225279078215,0,0
1,0.37829770264929863,0,0
1,0.6027423107078685,1,1
0,0.4800685950043536,0,1
0,0.14629107399308644,0,0
0,0.1112364310317348,0,0
0,0.5844641449509095,1,1
0,0.4874464871070906,0,1
0,0.5747941269829814,1,1
0,0.15327777279480068,0,0
0,0.11300084307657339,0,0
0,0.459182877535112,0,1
0,0.5349914326091031,1,1
1,0.7953622894849677,1,1
1,0.890856278525396,1,1
0,0.15634203131749563,0,0
0,0.26426197699216286,0,0
0,0.4845809685813557,0,1
1,0.7242571647478765,1,1
1,0.47546173942729664,0,1
1,0.6902573645046224,1,1
0,0.3756060605353838,0,0
0,0.11253963930620688,0,0
1,0.48929158063618017,0,1
0,0.24159588263187334,0,0
1,0.38870444131318765,0,0
1,0.6959576093840798,1,1
0,0.284184011364739,0,0
1,0.7835342912448178,1,1
0,0.5268491845462825,1,1
0,0.19323366275107756,0,0
1,0.8981698271628605,1,1
0,0.24092642267352857,0,0
0,0.10272379110473259,0,0
1,0.5474867119372511,1,1
0,0.4318585991322061,0,0
0,0.11174262994362565,0,0
0,0.7686248152482168,1,1
0,0.407682355361361,0,0
0,0.023688222581798438,0,0
0,0.08623833982052631,0,0
0,0.2627171509118106,0,0
0,0.051160912173226325,0,0
0,0.046140289450067554,0,0
0,0.07039256866529549,0,0
0,0.46264444283213624,0,1
1,0.5306859326373345,1,1
1,0.38902639734992683,0,0
0,0.24744743525575183,0,0
1,0.4400638634836874,0,1
0,0.35366891586512345,0,0
0,0.17093680640851117,0,0
0,0.03538741683548972,0,0
0,0.1060168032431964,0,0
0,0.20831984625562583,0,0
1,0.5570168998241755,1,1
0,0.40671095972979354,0,0
0,0.3877166673598562,0,0
0,0.45258068298915227,0,1
0,0.2541160911814937,0,0
1,0.7204285112680253,1,1
0,0.31260927995723614,0,0
1,0.6075991348692587,1,1
0,0.19807812902442073,0,0
0,0.7670426456355247,1,1
0,0.1269337645395601,0,0
0,0.0647964209990106,0,0
0,0.7694098969485964,1,1
0,0.07797532759123635,0,0
0,0.39939148727280116,0,0
0,0.39939148727280116,0,0
0,0.6016989653220306,1,1
0,0.3000271050722502,0,0
0,0.10041149419704086,0,0
0,0.4395700449791008,0,0
0,0.5713564049326433,1,1
0,0.2949238695463962,0,0
0,0.046145195153781134,0,0
0,0.20336902104790536,0,0
0,0.1130302681220571,0,0
0,0.21553077050483574,0,0
1,0.8054442850178142,1,1
0,0.24302254797174166,0,0
0,0.3427883609002536,0,0
1,0.5210694595709303,1,1
0,0.03383420074800139,0,0
0,0.113128744667419,0,0
1,0.8091295240277443,1,1
1,0.2849007369765886,0,0
0,0.28454088437560204,0,0
1,0.8037327326669431,1,1
0,0.1637316043250957,0,0
0,0.4699984555921091,0,1
0,0.03144496453838558,0,0
0,0.2995541659733443,0,0
1,0.5122986888412586,1,1
1,0.46351802348427074,0,1
0,0.13010810123548183,0,0
0,0.0922136720499156,0,0
0,0.1387730442024818,0,0
0,0.17225251943905198,0,0
0,0.12905895889300106,0,0
0,0.18911200738253905,0,0
1,0.23856944302687338,0,0
0,0.49237704616953193,0,1
0,0.4854884765647151,0,1
0,0.4031976445896727,0,0
1,0.29227395030723213,0,0
0,0.26058689069215374,0,0
0,0.4242558612411555,0,0
0,0.29387082174642726,0,0
0,0.10120505529195349,0,0
1,0.8000362933277017,1,1
0,0.18950812577403725,0,0
0,0.1533108514080442,0,0
1,0.35904915590944997,0,0
0,0.04827366852011437,0,0
0,0.060068682190792026,0,0
0,0.30565189215361716,0,0
0,0.9254224113662969,1,1
0,0.06662721871412056,0,0
0,0.32192088126784557,0,0
0,0.4936457898110374,0,1
0,0.05388555804158961,0,0
0,0.1672783982563902,0,0
0,0.1368903373100706,0,0
0,0.4011449208075941,0,0
0,0.7429742042654954,1,1
1,0.1775382933551186,0,0
1,0.6358555273110901,1,1
0,0.5218238339493582,1,1
0,0.018646511726167287,0,0
1,0.4680257657003015,0,1
0,0.24391916454145576,0,0
0,0.23349972565560806,0,0
0,0.15805922563275512,0,0
0,0.4340375185100418,0,0
0,0.040361819409807015,0,0
1,0.31314520599750484,0,0
0,0.3864020208322622,0,0
0,0.4069251312122981,0,0
1,0.6433177578498784,1,1
1,0.4723582673062812,0,1
0,0.5116595802288528,1,1
0,0.47756538369038376,0,1
0,0.1828074217695268,0,0
0,0.08161739038142811,0,0
0,0.16750045488854462,0,0
1,0.6690577302241391,1,1
0,0.3734524012107604,0,0
0,0.2281819043228576,0,0
1,0.7277415967818444,1,1
1,0.3085440634826546,0,0
0,0.1914215071420954,0,0
1,0.5208314757138285,1,1
0,0.019528224203622224,0,0
0,0.08225593202026338,0,0
0,0.22639687627219587,0,0
0,0.6832206938908016,1,1
0,0.15911365273431302,0,0
1,0.7637352100227488,1,1
1,0.5483824670198509,1,1
0,0.665748351321881,1,1
1,0.3312503245665011,0,0
0,0.16216377801598236,0,0
0,0.12501167162326032,0,0
0,0.18891880910340664,0,0
0,0.43130821983027867,0,0
0,0.07600011595425044,0,0
0,0.16426735670001708,0,0
0,0.2363369832486325,0,0
0,0.2659380825438557,0,0
0,0.4045766269321929,0,0
0,0.13528718595834738,0,0
1,0.5389500889927096,1,1
0,0.5056739649239648,1,1
0,0.29073274519598064,0,0
0,0.07637182290520611,0,0
1,0.5472682627829687,1,1
0,0.40045619009909295,0,0
0,0.3613895403496458,0,0
0,0.2938883935265516,0,0
0,0.06555997193766618,0,0
0,0.386238330526256,0,0
0,0.08878144403556637,0,0
1,0.09713482616254242,0,0
0,0.15928153000587136,0,0
0,0.16620671271710993,0,0
0,0.17115861596835663,0,0
0,0.11491330110091717,0,0
1,0.24263339212269197,0,0
1,0.3765148912099635,0,0
1,0.6361291149224584,1,1
0,0.05774227588747176,0,0
0,0.02905515425956318,0,0
0,0.22153069539679449,0,0
0,0.0297317961676009,0,0
0,0.23994708668238093,0,0
0,0.4164870363840951,0,0
1,0.5385927176955747,1,1
0,0.2903971586692177,0,0
0,0.36201129700384926,0,0
0,0.03666736650255772,0,0
0,0.2582553631866073,0,0
0,0.6670960271811669,1,1
0,0.5575544949253899,1,1
0,0.05910061152380293,0,0
0,0.18489461137990554,0,0
0,0.5246975491828436,1,1
1,0.5150069018385582,1,1
1,0.4460005048410407,0,1
0,0.5592348207799986,1,1
1,0.10380571304334307,0,0
0,0.40925779765071735,0,0
1,0.514885173592604,1,1
0,0.21373967763337254,0,0
0,0.1519520620123735,0,0
1,0.3465305878761762,0,0
0,0.09941961809293491,0,0
1,0.43133125555389645,0,0
0,0.32391311003811024,0,0
0,0.18748493313416106,0,0
0,0.6542926339226648,1,1
0,0.3196348646705929,0,0
1,0.832038878605055,1,1
0,0.7172166333408592,1,1
0,0.4096825677754458,0,0
0,0.4094984803494864,0,0
1,0.7359973146192184,1,1
0,0.5024093129093128,1,1
0,0.18197329580633506,0,0
0,0.06568729921814874,0,0
0,0.1701947799075158,0,0
0,0.48486053679436036,0,1
0,0.47337605776576347,0,1
1,0.7517436645884787,1,1
0,0.19389571028096758,0,0
0,0.15248872803853117,0,0
0,0.07404263026132799,0,0
0,0.41904845045286393,0,0
0,0.2952068083452893,0,0
0,0.6901462387658207,1,1
1,0.8280260084629276,1,1
0,0.11672296141324058,0,0
1,0.3884638213094096,0,0
0,0.34274814793050107,0,0
0,0.1948345365273587,0,0
0,0.18519889984625568,0,0
0,0.10239195179988293,0,0
0,0.10199772117860355,0,0
0,0.6226152617399255,1,1
0,0.4277980040685151,0,0
0,0.5441119867547888,1,1
0,0.529194668285927,1,1
0,0.18874838906833322,0,0
0,0.2564439382421238,0,0
1,0.5271376590385879,1,1
0,0.6222078825886872,1,1
1,0.39000165651055757,0,0
0,0.7918672794976044,1,1
0,0.02768652149246743,0,0
0,0.27306435426286946,0,0
1,0.3942030737522998,0,0
0,0.6104645865686891,1,1
0,0.7071771940220078,1,1
0,0.4152137611413928,0,0
0,0.10659314351602882,0,0
1,0.35530939287596486,0,0
0,0.1953205688370864,0,0
0,0.12912049903938114,0,0
0,0.40223706607692783,0,0
1,0.7323038582647718,1,1
0,0.10151368124978938,0,0
0,0.29663333220686167,0,0
0,0.14551043064387043,0,0
0,0.3500320220951848,0,0
0,0.6144900399881046,1,1
0,0.05033165434515998,0,0
1,0.5464126198448956,1,1
0,0.1167609732647056,0,0
0,0.08300101038838416,0,0
0,0.22464885816511213,0,0
0,0.13021367982931004,0,0
0,0.5227837990040001,1,1
